"Export time: 8/6/2022, 12:17:36 AM","","#","Product Name","Brand","Price","Mo. Sales","D. Sales","Mo. Revenue","Date First Available","Net","Rating Number","Rating","Fees","Rank","Category","ASIN","Link"
"Search Term: sheet protectors","","1","Amazon Basics Sheet Protector - Non-Glare 100-Pack","Amazon Basics","$7.92","16536","551","$130965","09/25/2019","$1.59","10625","4.7","$6.33","126","Office Products","B07R8DX3ZX","https://www.amazon.com/dp/B07R8DX3ZX"
"Average Sales: 671","","2","Amazon Basics Clear Sheet Protectors for 3 Ring Binder 8.5 x 11 Inch 100-Pack","Amazon Basics","$8.84","31522","1050","$278654","09/24/2019","$2.37","12933","4.8","$6.47","70","Office Products","B07R8D1RHS","https://www.amazon.com/dp/B07R8D1RHS"
"Average Sales Rank: 75,353","","3","KTRIO Sheet Protectors 8.5 x 11 inch Clear Page Protectors for 3 Ring Binder Plastic Sleeves for Binders Top Loading Paper Protector Letter Size 50 Pack","KTRIO","$5.99","21469","715","$128599","11/06/2019","$2.02","21963","4.8","$3.97","112","Office Products","B07X7WYKP9","https://www.amazon.com/dp/B07X7WYKP9"
"Average Price: $18.22","","4","Better Office Products Sheet Protectors 200 Piece","Better Office Products","$12.49","7641","254","$95436","11/28/2016","$4.83","20406","4.7","$7.66","915","Office Products","B01N9BOL6R","https://www.amazon.com/dp/B01N9BOL6R"
"Average Rating Number: 797","","5","Samsill Sheet Protectors for 3 Ring Binder 8.5 x 11 inch Clear Page Protectors Top Loading Paper Protector Letter Size Plastic Sleeves for Binders 200 Piece Heavy Duty","Samsill","$17.99","5226","174","$94016","10/31/2017","$8.56","12575","4.8","$9.43","1419","Office Products","B07736KVRJ","https://www.amazon.com/dp/B07736KVRJ"
"","","6","Avery Heavyweight Diamond Clear Sheet Protectors 8.5' x 11' Acid-Free Archival Safe Easy Load 200ct (74400)","AVERY","$28.13","3412","113","$95980","04/17/2006","$17.18","5697","4.7","$10.95","2213","Office Products","B0012VI9V8","https://www.amazon.com/dp/B0012VI9V8"
"","","7","Sheet Protectors PANDRI 500 Pack Clear Heavy Duty Plastic Page Protectors Sheet Reinforced 11-Hole Fit for 3 Ring Binder Fits Standard 8.5 x 11 Paper 9.25 x 11.25 Top Loaded Acid Free","PANDRI","$21.59","10058","335","$217152","07/08/2020","$11.02","2348","4.6","$10.57","291","Office Products","B08CMG5MCB","https://www.amazon.com/dp/B08CMG5MCB"
"","","8","Sheet Protectors for 3 Ring Binder - 100 Heavy Duty Plastic Page Protectors for 3 Ring Binder - Sleeves 8.5 x 11 for Paper & Documents","Supplies Sense","$9.99","4580","152","$45754","11/21/2019","$3.35","3808","4.7","$6.64","853","Office Products","B089GFSWKF","https://www.amazon.com/dp/B089GFSWKF"
"","","9","Mr. Pen- Sheet Protectors 8.5 x 11 Inches 50 Pack Sheet Protectors for 3 Ring Binder Clear Plastic Sleeves Binder Sleeves Clear Sheet Protectors Paper Protector Sheets Plastic Page Protectors","Mr. Pen","$5.65","2420","80","$13673","07/02/2022","$1.73","6","5","$3.92","2606","Office Products","B0B5PCY74P","https://www.amazon.com/dp/B0B5PCY74P"
"","","10","Puroma 500 Pack Sheet Protectors 11 Hole Clear Heavy Duty Page Protectors Fits Standard 8.5 x 11 inch Top Loading Paper Protector Plastic Sleeves for Binders","Puroma","$20.79","1697","56","$35281","11/09/2021","$10.34","69","4.6","$10.45","3461","Office Products","B09LH1ZBPL","https://www.amazon.com/dp/B09LH1ZBPL"
"","","11","Amazon Basics Sheet Protector - Heavy Duty Non-Glare 100-Pack","Amazon Basics","$12.00","2770","92","$33240","09/24/2019","$4.41","2761","4.8","$7.59","1953","Office Products","B07R66CR6V","https://www.amazon.com/dp/B07R66CR6V"
"","","12","Avery 76000 Secure Top Sheet Protectors Super Heavy Gauge Letter Diamond Clear (Pack of 25)","AVERY","$7.99","2516","83","$20103","12/02/2004","$2.27","2051","4.8","$5.72","3365","Office Products","B00006IC8F","https://www.amazon.com/dp/B00006IC8F"
"","","13","50 Sheet Protectors Durable Clear Page Protectors 8.5 X 11 Inch for 3 Ring Binder Plastic Sheet Sleeves Durable Top Loading Paper Protector with Reinforced Holes Archival Safe","Performore","$9.97","528","17","$5264","11/30/2017","$3.33","272","4.7","$6.64","7975","Office Products","B0892VCLPM","https://www.amazon.com/dp/B0892VCLPM"
"","","14","Clear Sheet Protectors for 3 Ring Binder Page Protectors 50 Pack- 8.5 x 11 Non Glare Clear Heavy Duty Page Protector Binder Sleeves Plastic Sheet Protectors - by Enday","Enday","$4.99","594","19","$2964","08/23/2021","$0.7","108","4.5","$4.29","7056","Office Products","B09DGRZQ8Q","https://www.amazon.com/dp/B09DGRZQ8Q"
"","","15","Sheet Protectors 500 PagePage Protector 8.5' x 11' Upgraded Thick Materialfor 3 Ring Binder Top Loading Paper Protector with Reinforced HolesHolds Multiple SheetsLetter Size","SMELHA","$25.99","696","23","$18089","07/04/2021","$15.06","184","4.5","$10.93","10012","Office Products","B098NKKVG6","https://www.amazon.com/dp/B098NKKVG6"
"","","16","Mr. Pen- Sheet Protectors 8.5 x 11 Inches 50 Pack Page Protectors Clear Page Protectors for 3 Ring Binder Clear Plastic Sleeves Binder Sleeves Plastic Sheet Protectors Back to School Supplies","Mr. Pen","$4.99","600","20","$2994","04/13/2021","$1.17","296","4.7","$3.82","4964","Office Products","B092M26WZB","https://www.amazon.com/dp/B092M26WZB"
"","","17","KTRIO Heavyweight Sheet Protectors 8.5 x 11 inch 3 Mil Clear Page Protectors for 3 Ring Binder Plastic Sleeves for Binders Top Loading Paper Protector Letter Size 30 Pack","KTRIO","$5.99","1073","35","$6427","03/30/2020","$2.02","682","4.7","$3.97","4459","Office Products","B085NGFGPX","https://www.amazon.com/dp/B085NGFGPX"
"","","18","Sheet Protectors HERKKA 500 Pack Sheet Protectors Holds 8.5 x 11 inch Sheets 9.25 x 11.25 inch Top Loading Clear Reinforced 11-Hole Fit for 3 Ring Binder Acid Free Top Loading Paper Protector","HERKKA","$24.99","881","29","$22016","02/24/2020","$14.51","1033","4.6","$10.48","16959","Office Products","B0854CGF7W","https://www.amazon.com/dp/B0854CGF7W"
"","","19","Avery Clear High-Capacity Sheet Protectors Hold 50 Sheets Heavyweight 25 Multi Page Protectors (74171)","AVERY","$6.78","2070","69","$14035","12/01/2004","$2.69","1126","4.7","$4.09","2967","Office Products","B00006IC80","https://www.amazon.com/dp/B00006IC80"
"","","20","500/Box Clear Heavyweight Poly Sheet Protectors by Gold Seal 8.5' x 11'","GOLD SEAL","$32.99","236","7","$7786","03/08/2020","$19.81","442","4.7","$13.18","24373","Office Products","B085PWQ4WT","https://www.amazon.com/dp/B085PWQ4WT"
"","","21","Better Office Sheet Protectors 50 Pack","Better Office Products","$5.29","3614","120","$19118","04/10/2018","$1.43","18421","4.7","$3.86","1903","Office Products","B07C425X2N","https://www.amazon.com/dp/B07C425X2N"
"","","22","Sheet Protectors 8.5 x 11 Inches Crystal Clear Page Protectors for 3 Ring Binder Medium Weight Plastic Sleeves Top Loading Paper Protector Acid Free Letter Size Dry Erase Pocket 50 Sheets","VST","$5.59","590","19","$3298","08/19/2021","$1.68","167","4.7","$3.91","10723","Office Products","B09CYLRMVT","https://www.amazon.com/dp/B09CYLRMVT"
"","","23","Amazon Basics Sheet Protector - Heavy Duty 100-Pack","Amazon Basics","$9.99","1513","50","$15115","09/24/2019","$2.7","1959","4.8","$7.29","3424","Office Products","B07R66CQG5","https://www.amazon.com/dp/B07R66CQG5"
"","","24","Samsill Recycled 500 Heavyweight Sheet Protectors Non-Glare for 3 Ring Binder 3.3 MIL Thick Top Loading Document Protectors Holds 10+ Sheets Archival Safe/Acid Free Bulk Pack of 500","Samsill","$38.99","489","16","$19066","10/25/2017","$24.61","1336","4.7","$14.38","16162","Office Products","B076VW7KZ6","https://www.amazon.com/dp/B076VW7KZ6"
"","","25","Samsill 100 Pack Color Edge Sheet Protectors Clear Plastic Sheet Protectors 8.5 x 11 Three Ring Binder Sleeves with Color Coded Edge","Samsill","$12.25","458","15","$5611","10/12/2021","$5.27","170","4.7","$6.98","14343","Office Products","B09JDRXZ69","https://www.amazon.com/dp/B09JDRXZ69"
"","","26","Teskyer Sheet Protectors 8.5 x 11 Inches Clear Page Protectors for 3 Ring Binder Letter Size Plastic Sleeves for Binders","Teskyer","$5.98","2540","84","$15189","09/28/2020","$2.16","1597","4.7","$3.82","3636","Office Products","B08KDC66NR","https://www.amazon.com/dp/B08KDC66NR"
"","","27","Avery Standard Weight Clear Sheet Protectors 8.5' x 11' Acid-Free Archival Safe Top Loading 25ct (75530)","AVERY","$7.12","1005","33","$7156","07/05/2006","$3.13","861","4.7","$3.99","6753","Office Products","B000WUVWYG","https://www.amazon.com/dp/B000WUVWYG"
"","","28","KTRIO Sheet Protectors 8.5 x 11 inch Clear Page Protectors for 3 Ring Binder Plastic Sleeves for Binders Top Loading Paper Protector Letter Size 200 Pack","KTRIO","$14.99","2252","75","$33757","02/11/2018","$6.31","3745","4.8","$8.68","4371","Office Products","B075ZSRSWS","https://www.amazon.com/dp/B075ZSRSWS"
"","","29","Amazon Basics Heavyweight Sheet Protectors 3 holes 100 Pack","Amazon Basics","$9.16","440","14","$4030","08/09/2021","$2","390","4.7","$7.16","18015","Office Products","B08K9LKCPY","https://www.amazon.com/dp/B08K9LKCPY"
"","","30","Rubex Sheet Protectors Clear Paper Sleeves Plastic Page Protector Reinforced 11 Hole fit for 3 Ring Binder Top Loading 9.25 x 11.25 inch (500 Sheets)","RUBEX","$24.89","1778","59","$44254","03/20/2019","$14.13","7396","4.6","$10.76","3432","Office Products","B07PVKLJ1J","https://www.amazon.com/dp/B07PVKLJ1J"
"","","31","50 Pack 11x17 Inch Heavyweight Diamond Clear Sheet Protectors Side Loading Ledger Sheet Protectors by Gold Seal 3-Hole Punched","GOLD SEAL","$16.99","557","18","$9463","03/08/2020","$8.65","134","4.7","$8.34","12323","Office Products","B0997XGQYQ","https://www.amazon.com/dp/B0997XGQYQ"
"","","32","Office Depot Standard Weight Sheet Protectors 8 1/2in. x 11in. Clear Pack Of 200 OD491694","Office Depot","$15.57","372","12","$5792","06/05/2013","$6.8","470","4.8","$8.77","17649","Office Products","B00DB8NQYA","https://www.amazon.com/dp/B00DB8NQYA"
"","","33","Heavyweight Clear Sheet Protectors 40-Pack Letter Size Reinforced 3 Hole Design Easy Load Acid-Free Archival Safe","Maru & Ara","$4.99","213","7","$1063","09/09/2019","$1.17","162","4.6","$3.82","18091","Office Products","B07XQHLRZY","https://www.amazon.com/dp/B07XQHLRZY"
"","","34","50 Pieces Dry Erase Pockets Reusable Plastic Sleeves Shop Holder Order Pockets Clear Sleeves Tickets Folders Job Ticket Shop Holder Order Pockets Teacher Supplies for Classroom Organization (Black)","Nezyo","$43.99","495","16","$21775","09/16/2021","...","42","4.7","","15666","Office Products","B09GK5KFWD","https://www.amazon.com/dp/B09GK5KFWD"
"","","35","Samsill 100 Pack Mini Clear Heavyweight Sheet Protectors 5.5 x 8.5 Inch Page Protectors for Mini Ring Binders","Samsill","$11.89","1965","65","$23364","06/28/2018","$4.97","4609","4.8","$6.92","3400","Office Products","B07F4677WJ","https://www.amazon.com/dp/B07F4677WJ"
"","","36","Samsill 50 Pack No Hole Clear Sheet Protectors 8.5 x 11 Inches Heavyweight and Top Loading","Samsill","$12.49","1823","60","$22769","01/07/2020","$5.48","1258","4.7","$7.01","4406","Office Products","B083LN26WD","https://www.amazon.com/dp/B083LN26WD"
"","","37","100 Sheets- 11 Hole A4 Clear Loose Leaf File Sheet Protectors(0.03mm)","JIAKAI","$5.19","129","4","$670","01/02/2018","$1.34","61","3.6","$3.85","32997","Office Products","B078SPNWLW","https://www.amazon.com/dp/B078SPNWLW"
"","","38","Business Source Top Loading Clear Sheet Protectors - Letter-Size - Box of 50 (37519)","Business Source","$6.59","314","10","$2069","12/08/2011","$0.46","211","4.6","$6.13","19081","Office Products","B006K0P0QS","https://www.amazon.com/dp/B006K0P0QS"
"","","39","Craftinova 500 Sheet Protectors 3 Hole Lightweight Binder Sleeves Designed to Protect Frequently Used 8.5 x 11 Papers Acid Free Clear Plastic Design 9.25 x 11.25 Top Loaded   ","craftinova","$24.99","430","14","$10746","02/27/2020","$14.21","899","4.5","$10.78","31919","Office Products","B085963MVT","https://www.amazon.com/dp/B085963MVT"
"","","40","200 Count Mini Poly Sheet Protectors Standard Weight Diamond Clear by Better Office Products 5.5' x 8.5' 200 Pack","Better Office Products","$12.99","747","24","$9704","07/15/2019","$5.9","1893","4.7","$7.09","10322","Office Products","B07VB5L8RD","https://www.amazon.com/dp/B07VB5L8RD"
"","","41","Binditek 50 Pack Sheet Protectors Holds 8.5 x 11' SheetsNon-Glare Page Protectors for 3 Ring Binder Top Loading Paper ProtectorLetter SizeReinforced Holes Acid-Free","Binditek","$5.49","419","13","$2300","11/12/2020","$1.6","290","4.4","$3.89","28478","Office Products","B08NDJ5PWN","https://www.amazon.com/dp/B08NDJ5PWN"
"","","42","25 Count Diamond Clear Extra Heavyweight Sheet Protectors 4 mils Strong by Gold Seal 8.5 x 11' Top Load 25 Pack","GOLD SEAL","$4.88","1604","53","$7828","03/08/2020","$1.08","1222","4.8","$3.80","4522","Office Products","B085PP4D5S","https://www.amazon.com/dp/B085PP4D5S"
"","","43","KTRIO Heavyweight Sheet Protectors 5.5 x 8.5 inch Clear Page Protectors for Mini 3 Ring Binder Plastic Sleeves for Binders Top Loading Paper Protector 60 Pack","KTRIO","$6.99","710","23","$4963","12/15/2021","$2.87","137","4.7","$4.12","10699","Office Products","B09NPX56NV","https://www.amazon.com/dp/B09NPX56NV"
"","","44","Avery Clear Economy Sheet Protectors Top Load 100 Document Protectors (75183)","AVERY","$15.03","131","4","$1969","05/31/2009","$7.64","56","4.6","$7.39","32101","Office Products","B002NEGTG0","https://www.amazon.com/dp/B002NEGTG0"
"","","45","200 Count Diamond Clear Extra Heavyweight Sheet Protectors 4 mils Strong by Gold Seal 8.5 x 11' Top Load 200 Boxed Sheet Protectors","GOLD SEAL","$19.99","233","7","$4658","03/08/2020","$9.96","35","4.5","$10.03","29018","Office Products","B09TV17TDL","https://www.amazon.com/dp/B09TV17TDL"
"","","46","Avery Heavyweight Diamond Clear Sheet Protectors for Mini Binders 8.5' x 5.5' Acid-Free 25ct (77004)","AVERY","$6.49","846","28","$5491","06/30/2010","$2.6","1994","4.7","$3.89","9185","Office Products","B000XKW45Q","https://www.amazon.com/dp/B000XKW45Q"
"","","47","Avery Non-Glare Page-Size Sheet Protectors Pre-Punched For Use With Tab Dividers Top Load 50 Document Protectors (74204)","AVERY","$11.68","113","3","$1320","04/18/2006","$4.79","136","4.4","$6.89","42497","Office Products","B002OGCQM8","https://www.amazon.com/dp/B002OGCQM8"
"","","48","Olivia tree 40 Pack Economy 11 Hole Archival Safe Clear Sheet Protectors Non-Glare Heavyweight Sheet Protectors Reinforced Great Clarity Protection Against Dirt Top Load for 8.5' x 11' (40 Pack)","Olivia tree","$4.89","30","1","$147","05/24/2020","$1.09","27","4.1","$3.80","136934","Office Products","B0895MLR96","https://www.amazon.com/dp/B0895MLR96"
"","","49","Dunwell 8.5x14 Legal Sheet Protectors - (Standard Weight 25 Pack) 7 Hole Punched for 3-Ring Legal Binder or 4 Ring Legal Size Binder","Dunwell","$5.91","246","8","$1454","06/29/2020","$1.95","468","4.6","$3.96","20543","Office Products","B08C2YYT8S","https://www.amazon.com/dp/B08C2YYT8S"
"","","50","Page Protectors 8.5 x 11 Inches Ecovision Crystal Clear Plastic Sheet Protectors for 3 Ring Binder. Top Loading Binder Sheets Paper Protector Letter Size","EcoVision","$15.86","150","5","$2379","06/17/2021","$7.05","111","4.5","$8.81","33618","Office Products","B097GYCNKN","https://www.amazon.com/dp/B097GYCNKN"
"","","51","Sheet Protectors HERKKA 500 Pack Upgrade Clear Plastic Page Protectors Sheet Reinforced 11-Hole Fit for 3 Ring Binder Fits Standard 8.5 x 11 Paper 9.25 x 11.25 Top Loaded Acid Free","HERKKA","$24.99","1007","33","$25165","07/07/2020","$17.7","793","4.6","$7.29","12761","Office Products","B08CK6R3SP","https://www.amazon.com/dp/B08CK6R3SP"
"","","52","Wideskall Economy Weight Clear Poly Sheet Page Protectors Non-Stick 8.5 x 11 - Pack of 20","Wideskall","$6.79","85","2","$577","12/08/2017","...","35","4.5","","51372","Office Products","B0785Z2F11","https://www.amazon.com/dp/B0785Z2F11"
"","","53","Coruscant 500 Sheet Protectors 3 Hole Lightweight Binder Sleeves Protecting Paper File Classification No Acid No PVC Double Sided Transparent 9.25 X 11.25 Top Loaded","coruscant","$24.99","558","18","$13944","11/20/2020","$14.21","618","4.4","$10.78","13913","Office Products","B08HCN2HX5","https://www.amazon.com/dp/B08HCN2HX5"
"","","54","Avery Diamond Clear Secure Side-Load Sheet Protectors Heavyweight 25 Page Protectors (76001)","AVERY","$7.69","202","6","$1553","12/01/2004","$3.47","291","4.7","$4.22","22975","Office Products","B00006IC8G","https://www.amazon.com/dp/B00006IC8G"
"","","55","KTRIO Sheet Protector 8.5 x 11 inch Non-Glare Clear Page Protectors Plastic Sleeves for Binders Paper Protector for 3 Ring Binder Letter Size Top Loading 50 Pack","KTRIO","$5.99","1020","34","$6110","04/25/2020","$2.02","1392","4.7","$3.97","7386","Office Products","B087P9HPRK","https://www.amazon.com/dp/B087P9HPRK"
"","","56","Sheet Protectors | 50 Pack Page Protectors - Sheet Protectors for 3 Ring Binder 8.5 x 11","EXTRIC","$4.80","258","8","$1238","03/09/2022","$0.31","137","4.5","$4.49","19580","Office Products","B09V8Y1T1H","https://www.amazon.com/dp/B09V8Y1T1H"
"","","57","Top Loading 2.4 Mil Clear Sheet Protectors 200 Count.","STAPLES","$15.02","44","1","$661","11/20/2012","$6.34","556","4.8","$8.68","17743","Office Products","B00AB28IRO","https://www.amazon.com/dp/B00AB28IRO"
"","","58","VST Heavyweight Sheet Protectors 8.5 x 11 Inches 3 Mil Crystal Clear Page Protectors for 3 Ring Binder Plastic Sleeves for Binders Top Loading Paper Protector Letter Size100 Sheets","VST","$10.79","120","4","$1295","08/30/2021","$3.38","16","4.6","$7.41","45459","Office Products","B09CYK4NRL","https://www.amazon.com/dp/B09CYK4NRL"
"","","59","Avery Super Heavyweight Diamond Clear Sheet Protectors 8.5' x 11' Acid-Free Easy Load 50ct (74130)","AVERY","$18.49","225","7","$4160","04/17/2006","$10.58","484","4.7","$7.91","21723","Office Products","B0006HVE34","https://www.amazon.com/dp/B0006HVE34"
"","","60","100 Count Diamond Clear Extra Heavyweight Sheet Protectors 4 mils Strong by Gold Seal 8.5 x 11' Top Load 100 Pack","GOLD SEAL","$13.49","570","19","$7689","03/08/2020","$5.68","594","4.8","$7.81","12071","Office Products","B085PNKDY4","https://www.amazon.com/dp/B085PNKDY4"
"","","61","Samsill Plastic Sheet Protectors for 3 Ring Binder Non-Glare Standard Weight Top Load Inserts Box of 200 Sheets 8.5 x 11 Reinforced 3 Hole Punch.","Samsill","$13.87","623","20","$8641","02/01/2020","$6","3016","4.5","$7.87","9878","Office Products","B084FKSG1Z","https://www.amazon.com/dp/B084FKSG1Z"
"","","62","SUNEE 30 Packs Oversized Reusable Dry Erase Pocket Sleeves with 2 Rings 10 Assorted Colors 10x14 Ticket Holders Clear Plastic Sheet Protectors Teacher School Classroom Supplies","SUNEE","$26.99","4319","143","$116570","07/15/2018","$16.81","1320","4.8","$10.18","1268","Office Products","B07FM4PRY8","https://www.amazon.com/dp/B07FM4PRY8"
"","","63","Seashell 100 Economy Non-Glare Sheet Protectors Plastic Page Protectors for 3 Ring Binder Letter Size Top Loading 3 Hole Punched Binder Sleeves for 8.5 x 11 Paper for School and Office use","Seashell","$9.88","565","18","$5582","03/16/2021","$4.81","171","4.4","$5.07","31057","Office Products","B08Z75NV92","https://www.amazon.com/dp/B08Z75NV92"
"","","64","Avery Self-Adhesive Wall and Door Communication Display Protectors 10 Clear Sleeves (74404)","AVERY","$8.79","439","14","$3859","11/15/2006","$4.55","282","4.6","$4.24","14813","Office Products","B00006IC83","https://www.amazon.com/dp/B00006IC83"
"","","65","Avery Economy Clear Sheet Protectors 8.5' x 11' Acid-Free Archival Safe 100 page protectors (75091)","AVERY","$13.54","1009","33","$13662","10/16/2017","$6.37","4384","4.7","$7.17","8974","Office Products","B00006IC89","https://www.amazon.com/dp/B00006IC89"
"","","66","Avery Diamond Clear Quick Load Sheet Protectors Top & Side Load 50 Document Protectors (73802)","AVERY","$15.23","120","4","$1828","04/17/2006","$7.81","134","4.7","$7.42","32008","Office Products","B00006IC7J","https://www.amazon.com/dp/B00006IC7J"
"","","67","100/Box Legal Size Clear Heavyweight Poly Sheet Protectors by Gold Seal 8.5' x 14' 100-Count","GOLD SEAL","$17.99","217","7","$3904","02/13/2019","$9.5","629","4.8","$8.49","29088","Office Products","B07NQVJ4TN","https://www.amazon.com/dp/B07NQVJ4TN"
"","","68","100 Sheet Protectors11 Hole A4 Clear Loose Leaf File Sheet Protectors(3C)","LIUSM","$5.50","56","1","$308","09/08/2020","$1.76","35","3.3","$3.75","159966","Office Products","B08HQ2HBMR","https://www.amazon.com/dp/B08HQ2HBMR"
"","","69","EnvyPak Sheet Protectors - Pastel Color-Coded Edges 8.5 X 11-3 Hole Punched - Pack of 100 (Assorted)","EnvyPak","$20.99","95","3","$1994","04/12/2018","...","242","4.8","","56909","Office Products","B07CG2ZD6P","https://www.amazon.com/dp/B07CG2ZD6P"
"","","70","Oxford Lightweight Sheet Protectors Clear Finish Top Load Letter Size Plastic Sleeves Reinforced 3 Hole Punch for Binders 100 per Box (33267) Letter","Oxford","$10.28","553","18","$5685","01/14/2021","$3.6","438","4.7","$6.68","10448","Office Products","B08T6RLPH2","https://www.amazon.com/dp/B08T6RLPH2"
"","","71","PERFORMORE 100 Pack of 8.5 x 14 Legal Size Heavyweight Clear Sheet Protectors Plastic Page Protectors Top Load Reinforced Holes Acid-Free and Archival Safe Sheet for Binders Documents","Performore","$14.99","54","1","$809","11/30/2017","$6.95","12","4.7","$8.04","44522","Office Products","B092LP6QBG","https://www.amazon.com/dp/B092LP6QBG"
"","","72","50 Sheet Protectors Heavy Duty 8.5 X 11 Inch Clear Page Protectors for 3 Ring Binder Plastic Sheet Sleeves Durable Top Loading Paper Protector with Reinforced Holes Archival Safe","Performore","$14.97","574","19","$8593","11/30/2017","$7.58","496","4.7","$7.39","14034","Office Products","B0892XX6SY","https://www.amazon.com/dp/B0892XX6SY"
"","","73","Avery Clear Economy Sheet Protectors Top Load 50 Document Protectors (75182)","AVERY","$8.78","34","1","$299","05/31/2009","$4.39","28","4.4","$4.39","43416","Office Products","B002NEGTFQ","https://www.amazon.com/dp/B002NEGTFQ"
"","","74","Sheet Protectors500 PagePage Protector 8.5' x 11' for 2/3/4 Ring Binder Top Loading Paper Protector with Reinforced HolesHolds Multiple SheetsLetter Size.","SMELHA","$25.99","192","6","$4990","09/29/2021","$15.06","144","4.4","$10.93","39650","Office Products","B098NJF363","https://www.amazon.com/dp/B098NJF363"
"","","75","Sooez 30 Pack Heavy Duty Photo Page Protector (3.5x5 240 Photos) Plastic Clear Photo Album Sleeves for 3-Ring Binder Four Pockets Per Page Top Loading Double-Sided","Sooez","$6.99","1950","65","$13631","12/09/2020","$2.87","1108","4.7","$4.12","2358","Office Products","B08Q7746SW","https://www.amazon.com/dp/B08Q7746SW"
"","","76","MaxGear Photo Sleeves for 3 Ring Binder 30 Pack - (4x6 for 180 Photos)Archival Photo Pages Photo Album Refill Pages Photo Sheet Protector Page Protectors 8.5 x 11 Each Page Holds Six 4x6 Pictures","MaxGear","$7.69","1625","54","$12496","09/16/2020","$3.47","1069","4.7","$4.22","6619","Office Products","B08JCBWB91","https://www.amazon.com/dp/B08JCBWB91"
"","","77","8.5 x 14 Paper Sleeves 50 PCS Legal- Size Document Sleeves Landscape Page Protectors for 3 Ring Binder Legal Sheet Protectors Side Loading","tutata","$9.99","...","...","...","07/09/2022","...","0","","","","...","B09ZTYNQLH","https://www.amazon.com/dp/B09ZTYNQLH"
"","","78","9 Pocket Page Protector - 540 Pockets Premium Double Side Trading Card Sleeves Pages for 3 Ring Binder Standard Size Card Sheets Protectors Fit for Sport Cards Coupon Business Cards Pokemon Cards","JIQEZNL","$7.19","2514","83","$18076","01/19/2021","$3.04","1267","4.8","$4.15","3603","Office Products","B08TGR1T6H","https://www.amazon.com/dp/B08TGR1T6H"
"","","79","Trading Card Sleeve - Fit 400 Cards 50 Pages [4 Slots] Double-Sided Clear Card Page Sheet Protectors for 3 Ring Binder | CampFENSE Card Sleeve Compatible with Pokemon YuGiOh Baseball Cards MTG","CampFENSE","$3.95","90","3","$356","06/14/2022","$0.29","0","","$3.66","59505","Office Products","B0B45GVTG9","https://www.amazon.com/dp/B0B45GVTG9"
"","","80","MaxGear Pokemon Card Binder Sleeves Baseball Trading Card Page Protectors 9 Pocket for 3 Ring Binder 30 Pack Heavyweight Sheet Protector Sleeve for Sport Cards Coupon Game Cards Business Cards","MaxGear","$6.49","1967","65","$12766","03/05/2018","$2.45","6513","4.7","$4.04","4819","Office Products","B07B8JV4ZC","https://www.amazon.com/dp/B07B8JV4ZC"
"","","81","Oxford Lightweight Sheet Protectors Clear Finish Top Load Letter Size Plastic Sleeves Reinforced 3 Hole Punch for Binders 200 per Box (33268)","Oxford","$12.40","105","3","$1302","03/29/2022","$4.41","19","4.7","$7.99","32523","Office Products","B09WW3HY6R","https://www.amazon.com/dp/B09WW3HY6R"
"","","82","Office Depot Top-Loading Sheet Protectors Standard Weight Non-Glare Box Of 100 498761","Office Depot","$11.82","75","2","$887","09/20/2012","$4.91","101","4.7","$6.91","38235","Office Products","B009EVQDPC","https://www.amazon.com/dp/B009EVQDPC"
"","","83","Seashell 250 Economy Sheet Protectors 8.5 x 11 Clear Plastic Page Protectors for 3 Ring Binder Letter Size Acid Free Top Loading Binder Sleeves for 8.5 x 11 Inch Sheets","Seashell","$14.98","677","22","$10141","09/17/2020","$6.3","400","4.8","$8.68","21511","Office Products","B08JGQC2DR","https://www.amazon.com/dp/B08JGQC2DR"
"","","84","Mini Heavyweight Sheet Protectors Top Loading Reinforced 7-Hole 5.5 x 8.5 Inch Page Protectors for Mini Ring Binders Acid-Free Archival Safe for Documents and Photos (25 Sheets)","RUBEX","$5.57","1139","37","$6344","07/24/2019","$1.81","1789","4.7","$3.76","9737","Office Products","B07VQWHBJ5","https://www.amazon.com/dp/B07VQWHBJ5"
"","","85","200/Box Clear Heavyweight Poly Sheet Protectors by Gold Seal 8.5' x 11'","GOLD SEAL","$17.99","224","7","$4030","05/20/2018","$8.86","1175","4.8","$9.13","37779","Office Products","B07D6XLNY3","https://www.amazon.com/dp/B07D6XLNY3"
"","","86","Clear Sheet Protectors for 3 Ring Binders - 50 Pack Letter Size Top Load 8.5' x 11' Page Holders Highlight Transparent OS0150","Uncle Paul","$6.99","144","4","$1007","07/28/2020","$2.87","334","4.7","$4.12","47449","Office Products","B08DHM8VL6","https://www.amazon.com/dp/B08DHM8VL6"
"","","87","VST No Hole Sheet Protectors 8.5 x 11 Inches Crystal Clear Page Protectors Heavyweight Plastic Sleeves Page Sleeves Top Loading Paper Protector Acid Free Letter Size Dry Erase Pocket","VST","$11.99","266","8","$3189","08/23/2021","$5.05","49","4.6","$6.94","20964","Office Products","B09DG1G7VZ","https://www.amazon.com/dp/B09DG1G7VZ"
"","","88","Samsill 50 Pack 11x17' Sheet Protectors Poster Protector Tabloid Protector Ledger Size Sheet Protectors for Document Side Loading Heavyweight and Archival Safe","Samsill","$16.95","2","0","$34","07/23/2020","$7.18","88","4.8","$9.77","89199","Office Products","B08DL5K2PK","https://www.amazon.com/dp/B08DL5K2PK"
"","","89","Avery Standard Weight Sheet Protectors 10 Count Pack of 4 (75540)","AVERY","$11.98","75","2","$899","10/24/2017","$6.59","27","4.9","$5.39","52601","Office Products","B076V5XMDC","https://www.amazon.com/dp/B076V5XMDC"
"","","90","12 Pack A5 Size Clear Sheet Protectors 4.9 x 8 Inch Plastic Sleeves Page Protectors Top Loading Paper Protector for 6 Ring Binders Acid-Free Archival Safe for Documents and Photos","Mogoostry","$13.39","204","6","$2732","03/10/2022","$8.46","10","3.9","$4.93","24260","Office Products","B09VBV8DB7","https://www.amazon.com/dp/B09VBV8DB7"
"","","91","Avery Clear Heavy Duty Vinyl Sheet Protectors Top Load 100 Document Protectors (73900)","AVERY","$30.12","42","1","$1265","12/01/2004","$18.87","31","4.1","$11.25","65319","Office Products","B000WXGD92","https://www.amazon.com/dp/B000WXGD92"
"","","92","BAZIC Top Loading Sheet Protectors (20/Pack)","BAZIC Products","$6.69","110","3","$736","04/05/2006","$2.77","19","4.2","$3.92","41419","Office Products","B003BSBFAC","https://www.amazon.com/dp/B003BSBFAC"
"","","93","Sheet Protectors Clear Sheet Protector for 3 Ring Binder Page Protectors - Top Loading 3 Hole Punched - 8.5 x 11 Inches - Archival Safe for Photos or Printed Copy - Holds Multiple Sheets - 200 Pack","Manaloom","$12.69","10","0","$127","06/13/2022","$4.36","0","","$8.33","184240","Office Products","B0B43XBDX1","https://www.amazon.com/dp/B0B43XBDX1"
"","","94","525 Clear Heavyweight Sheet Protectors - 3.3 MIL Thickness - Reinforced 3 Hole Design - Protects Photos and 8.5 x 11 Documents - Top Loading - Archival Safe - PVC and Acid Free - Box of 525","Office Elite","$25.95","112","3","$2906","05/07/2018","$13.23","252","4.9","$12.72","55472","Office Products","B07CYQ6TF1","https://www.amazon.com/dp/B07CYQ6TF1"
"","","95","Avery Clear Protect 'n Tab Tabbed Sheet Protector Dividers 8-Tab Set Top Load 8 Page Protectors (74161)","AVERY","$8.69","118","3","$1025","12/01/2004","$4.47","473","4.7","$4.22","58549","Office Products","B00006IC7Z","https://www.amazon.com/dp/B00006IC7Z"
"","","96","Sooez 30 Pack Heavy Duty Photos or Postcards Page Protectors Plastic Clear Photo Holder Sleeves for 3 Ring Binder Two 5'' x 7'' Pockets Per Page Top Loading Perfect for Checking & Organizing","Sooez","$6.95","770","25","$5352","06/21/2020","$2.84","802","4.7","$4.11","13656","Office Products","B08BLKXD7D","https://www.amazon.com/dp/B08BLKXD7D"
"","","97","Rightline Gear Range 3 Car Top Carrier 18 cu ft Weatherproof + Attaches With or Without Roof Rack","Rightline Gear","$67.40","161","5","$10851","10/01/2019","$51.38","477","4.3","$16.02","21285","Automotive","B07YN3CV84","https://www.amazon.com/dp/B07YN3CV84"
"","","98","BCW Sheet Music Sleeves 2-mil Polypropylene 9-3/8' x 12-1/4' (100-Count)","BCW","$13.96","178","5","$2485","07/28/2010","$6.73","350","4.7","$7.23","37787","Office Products","B003XPDDZI","https://www.amazon.com/dp/B003XPDDZI"
"","","99","JAM PAPER Sheet Protectors - Fits Standard 8 1/2 x 11 Paper - Clear - 10 Document Sleeves/Pack","JAM Paper","$7.99","78","2","$623","01/28/2013","$3.87","108","4.4","$4.12","34342","Office Products","B00B7MTGMS","https://www.amazon.com/dp/B00B7MTGMS"
"","","100","Sheet Protector","Pen + Gear","$5.99","30","1","$180","12/07/2018","$2.02","15","4.9","$3.97","111148","Office Products","B07L7L386V","https://www.amazon.com/dp/B07L7L386V"
"","","101","JIKIOU Basics Clear Sheet Protector for 3 Ring Binder 80 Pack Clear Page Protectors Fit Standard 8.5 x 11 Paper Plastic Sleeves for Binders Top Loading Paper Protector Letter Size","JIKIOU","$12.99","25","0","$325","02/22/2022","$5.9","2","4","$7.09","138663","Office Products","B09T6WF8QW","https://www.amazon.com/dp/B09T6WF8QW"
"","","102","Arae Clear Sheet Protectors for 3 Ring Binder 8.5 x 11 inch Heavy Duty Plastic Sleeves Reinforced Holes 50 Pack","Arae","$7.99","729","24","$5825","05/26/2019","$3.72","879","4.6","$4.27","10546","Office Products","B07S8NN63Y","https://www.amazon.com/dp/B07S8NN63Y"
"","","103","Office Depot Heavyweight Sheet Protectors 8 1/2in. x 11in. Clear Pack Of 100 OD491658","Office Depot","$14.29","145","4","$2072","09/12/2013","$6.36","109","4.7","$7.93","24593","Office Products","B00F63MJ00","https://www.amazon.com/dp/B00F63MJ00"
"","","104","20 (Twenty Pages) - BCW Pro 2-Pocket Page (7-1/8' x 5-1/2' Cards Postcards or Photos)","BCW","$6.73","875","29","$5889","11/15/2018","$2.65","1705","4.7","$4.08","9302","Office Products","B003AOK3O6","https://www.amazon.com/dp/B003AOK3O6"
"","","105","90 Count Sheet Protectors 100 Percent Poly Sheet Protectors by Better Office Products 8.5 x 11' Top Loading Paper Protectors","Better Office Products","$7.49","170","5","$1273","03/03/2022","$2.78","20","4.8","$4.71","47323","Office Products","B09TV9MWSR","https://www.amazon.com/dp/B09TV9MWSR"
"","","106","GBC Swing-Ring Presentation Sheet Protectors Clear 10 per Box (A7020105)","GBC","$5.29","60","2","$317","07/04/2006","$1.58","93","4.6","$3.71","93274","Office Products","B000WXEFV0","https://www.amazon.com/dp/B000WXEFV0"
"","","107","Heavyweight Clear Mini Sheet Protectors Holds 5.5 x 8.5 Inches Sheets Fits a 3-Ring Binder Crystal Clear and Acid-Free with Reinforced Holes Top Loading Paper Protector (200 Pack)","Officewerks","$15.97","75","2","$1198","03/21/2018","$8.43","102","4.7","$7.54","37019","Office Products","B08HJSYVBD","https://www.amazon.com/dp/B08HJSYVBD"
"","","108","Amazon Basics 9 Sleeve Card Protectors Binder Sheet - 100-Pack","Amazon Basics","$13.93","1969","65","$27428","08/14/2019","$6.7","6109","4.3","$7.23","3749","Office Products","B07PD7KBN5","https://www.amazon.com/dp/B07PD7KBN5"
"","","109","Avery 72311 Clear Plastic Sleeves Polypropylene Letter (Pack of 12)","AVERY","$5.65","414","13","$2339","12/07/2004","$1.88","672","4.6","$3.77","14717","Office Products","B000RMO37M","https://www.amazon.com/dp/B000RMO37M"
"","","110","50 Sheet Protectors Landscape Clear Page Protectors 8.5 X 11 Inch for 3 Ring Binder Plastic Sheet Sleeves Top Loading with 3 Hole-Punched Archival Safe Non-Stick and Long-Lasting","Performore","$19.99","78","2","$1559","11/30/2017","$13.92","59","4.5","$6.07","32730","Office Products","B08KGXBNSZ","https://www.amazon.com/dp/B08KGXBNSZ"
"","","111","C-Line Top Loading Heavyweight Poly Sheet Protectors Clear 8.5 x 11 Inches 100 per Box (62023)","C-Line","$16.79","36","1","$604","05/25/2012","$8.48","46","4.6","$8.31","124374","Office Products","B008D0HVV0","https://www.amazon.com/dp/B008D0HVV0"
"","","112","Better Office Products Sheet Protectors 300 Count","Better Office Products","$16.99","79","2","$1342","05/15/2018","$8.01","712","4.6","$8.98","63275","Office Products","B07D449FQD","https://www.amazon.com/dp/B07D449FQD"
"","","113","PERFORMORE 10 Pack of 8.5 x 14 Heavyweight Landscape Sheet Protectors Legal Paper Sleeves Clear Archival Quality Horizontal Legal Size Clear Sheet Protectors for Binders Documents","Performore","$7.99","13","0","$104","11/30/2017","$3.72","6","4.4","$4.27","144454","Office Products","B092KY8B6D","https://www.amazon.com/dp/B092KY8B6D"
"","","114","VANANSA 100 Count Sheet Protectors Page Protectors with 3 Ring Binder 9.25 x 11.22 Inches Letter Size Protector Top Loading Clean Paper Protector 2.36 Mil /0.06MM Acid-Free Oranger Coded Edges.","VANANSA","$6.99","72","2","$503","08/25/2021","$2.87","41","4.6","$4.12","55186","Office Products","B095355F95","https://www.amazon.com/dp/B095355F95"
"","","115","Business Source Economy Weight Top Loading Sheet Protectors - 8.5 x 11 Inches - Clear - Pack of 100 (74551)","Business Source","$8.67","24","0","$208","06/20/2007","$2.23","24","4","$6.44","111810","Office Products","B0033UJ3ES","https://www.amazon.com/dp/B0033UJ3ES"
"","","116","400 Count Clear Heavyweight Poly Sheet Protectors by Gold Seal 8.5' x 11' Extra Sturdy Secure Topload 400 Boxed Sheet Protectors","GOLD SEAL","$25.99","105","3","$2729","03/08/2020","$14.46","21","4.7","$11.53","29352","Office Products","B09TTX68GR","https://www.amazon.com/dp/B09TTX68GR"
"","","117","Avery Heavyweight and Super Heavyweight Easy Load Non-Glare Sheet Protector","AVERY","$19.73","42","1","$829","09/10/2014","$10.98","15","4.6","$8.75","70075","Office Products","B014T48U5E","https://www.amazon.com/dp/B014T48U5E"
"","","118","Avery Clear Quick Load Sheet Protectors Non-Glare Top & Side Load 50 Document Protectors (73803)","AVERY","$15.23","84","2","$1279","04/17/2006","$7.81","108","4.7","$7.42","64980","Office Products","B00006IC7K","https://www.amazon.com/dp/B00006IC7K"
"","","119","Avery Diamond Clear Page-Size Sheet Protectors Pre-Punched For Use With Tab Dividers Top Load 50 Document Protectors (74203)","AVERY","$16.33","100","3","$1633","10/30/2006","$0.76","197","4.5","$15.57","44573","Office Products","B00006IC81","https://www.amazon.com/dp/B00006IC81"
"","","120","Side Loading Sheet Protectors tutata 50 Pack Page Protectors Plastic Sleeves for Ring Binder Letter Size 8.5 x 11 inches Crystal Clear","tutata","$7.99","48","1","$384","01/10/2022","$1.65","6","4.4","$6.34","44053","Office Products","B09K6L2CFG","https://www.amazon.com/dp/B09K6L2CFG"
"","","121","Oxford Lightweight Sheet Protectors Non Glare Matte Top Load Letter Size Plastic Sleeves Reinforced 3 Hole Punch for Binders 200 per Box (33266)","Oxford","$12.22","154","5","$1882","01/14/2021","$5.25","197","4.1","$6.97","48926","Office Products","B08T6PYSCS","https://www.amazon.com/dp/B08T6PYSCS"
"","","122","Avery Diamond Clear Heavyweight Sheet Protectors Holds 8.5' x 14' Sheets Legal Size Easy Load 25ct (73897)","AVERY","$10.16","95","3","$965","11/16/2010","$5.57","463","4.7","$4.59","50572","Office Products","B004CSIHSS","https://www.amazon.com/dp/B004CSIHSS"
"","","123","KTRIO Sheet Protectors 8.5 x 11 inch Clear Page Protectors for 3 Ring Binder Plastic Sleeves for Binders Top Loading Paper Protector Letter Size 500 Pack","KTRIO","$24.99","154","5","$3848","12/06/2019","$13.61","156","4.8","$11.38","44460","Office Products","B08148TCC6","https://www.amazon.com/dp/B08148TCC6"
"","","124","C-Line Top Loading Standard Weight Poly Sheet Protectors Clear 8.5 x 11 Inches 50 per Box (62037)","C-Line","$9.54","42","1","$401","08/02/2017","$3.59","64","4.6","$5.95","71489","Office Products","B00094GWGS","https://www.amazon.com/dp/B00094GWGS"
"","","125","Blue Summit Supplies Mini Sheet Protectors 5.5 x 8.5 Inch Page Size Opening Clear Plastic Inserts with Reinforced 3 Hole Design Playbill Sleeves for Mini Binder Top Loaded 200 Pack","Blue Summit Supplies","$11.99","330","11","$3957","08/08/2019","$5.05","305","4.7","$6.94","23745","Office Products","B07W61ZT31","https://www.amazon.com/dp/B07W61ZT31"
"","","126","250 Count Clear Heavyweight Poly Sheet Protectors by Gold Seal 8.5' x 11' Extra Sturdy Secure Topload 250 Boxed Sheet Protectors","GOLD SEAL","$20.99","70","2","$1469","03/08/2020","$11.11","14","5","$9.88","107883","Office Products","B09TV9WXQQ","https://www.amazon.com/dp/B09TV9WXQQ"
"","","127","C-Line Top Loading Standard Weight Poly Sheet Protectors Clear 8.5 x 11 Inches 25 per Pack (05047)","C-Line","$6.97","15","0","$105","11/30/2009","$2.85","12","3.8","$4.12","166447","Office Products","B002UXRNXW","https://www.amazon.com/dp/B002UXRNXW"
"","","128","Heavy Duty Recipe Protectors Holds Standard 8.5' x 11' Paper 30 Pack Reinforced Holes Refill Sheets For 3 Ring Binders","Toucan Craft Supplies","$6.49","6","0","$39","03/19/2018","$2.6","41","4.5","$3.89","238304","Office Products","B07BLM3K37","https://www.amazon.com/dp/B07BLM3K37"
"","","129","Dunwell 11x17 Sheet Protectors Landscape - (Heavyweight 25 Pack) 11 x 17' Ledger Size Plastic Sleeves 3 Hole Punched Fits 3-Ring Binders Clear Archival Sleeves Oversized Sheet Protectors","Dunwell","$12.99","416","13","$5404","09/17/2020","$5.9","488","4.6","$7.09","16100","Office Products","B08C2YZ99C","https://www.amazon.com/dp/B08C2YZ99C"
"","","130","12-inch-by-12-inch Album Refill Sheet Protectors","Ultra Pro","$7.99","120","4","$959","09/15/2009","$3.02","521","4.7","$4.97","41329","Office Products","B002PAVING","https://www.amazon.com/dp/B002PAVING"
"","","131","Avery Heavyweight Diamond Clear Sheet Protectors 8.5' x 11' Acid-Free Archival Safe Easy Load 200ct (74400)","AVERY","$29.12","41","1","$1194","03/19/2013","$18.02","35","4.5","$11.10","64853","Office Products","B00EK3HWCC","https://www.amazon.com/dp/B00EK3HWCC"
"","","132","Dunwell Binders with Plastic Sleeves 24-Pocket - (2 Pack Black) Presentation Books 8.5x11 Portfolio Folders with 8.5 x 11 Sheet Protectors Each Displays 48 Pages Letter Size Documents Awards","Dunwell","$12.99","3384","112","$43958","02/07/2022","$7.45","3577","4.7","$5.54","2186","Office Products","B09RZZ59Z9","https://www.amazon.com/dp/B09RZZ59Z9"
"","","133","Better Office Products Sheet Protectors 500 Count","Better Office Products","$27.99","50","1","$1400","05/15/2018","$16.76","332","4.7","$11.23","121655","Office Products","B07D45J5TL","https://www.amazon.com/dp/B07D45J5TL"
"","","134","200 Sheet Protectors 11 Hole Lightweight Binder Sleeves Designed to Protect Frequently Used 8.5 x 11 Papers Acid and PVC Free Clear Plastic Design 9.25 x 11.25 Top Loaded 200 Pack","Blue Summit Supplies","$12.99","64","2","$831","12/16/2017","$5.25","2654","4.7","$7.74","22817","Office Products","B07C85994C","https://www.amazon.com/dp/B07C85994C"
"","","135","Universal Top-Load Poly Sheet Protectors Standard Letter Clear 100/box","Universal","$11.48","82","2","$941","12/01/2004","$4.62","291","4.6","$6.86","36555","Office Products","B001E6C6GK","https://www.amazon.com/dp/B001E6C6GK"
"","","136","Race Bib Display Vinyl Protector Sheets Running Medal Hanger Display Clear Protective Medal Holder Plastic Race Bib Holder Sleeves for Marathon Runners Players Athletes (24)","Lewtemi","$12.99","","","","04/25/2022","...","0","","","77249","Office Products","B09YV5M6XR","https://www.amazon.com/dp/B09YV5M6XR"
"","","137","Lion Binder Sheet Protectors 100ea/box 1 Box (40080)","LION","$11.72","30","1","$352","08/31/2012","$4.82","3","5","$6.90","92898","Office Products","B009F6PMVM","https://www.amazon.com/dp/B009F6PMVM"
"","","138","Better Office Products Sheet Protectors 100 Count (81450)","Better Office Products","$9.55","13","0","$124","02/22/2016","$2.98","993","4.6","$6.57","69052","Office Products","B01C4O889Y","https://www.amazon.com/dp/B01C4O889Y"
"","","139","60-Pocket Binder with Clear Sleeves for Displays 120 Pages8.5 x 11 / 9 x 12 inch Inserts Presentation Portfolio Presentation Book for Artwork Sheet Protector Binder Portfolio Display Book (Blue)","TBAKPU","$9.99","24","0","$240","03/07/2022","$5.42","1","4","$4.57","131733","Office Products","B09V2WS5T1","https://www.amazon.com/dp/B09V2WS5T1"
"","","140","Samsill Clear Heavyweight Top Load Sheet Protectors Universal 11 Hole Punch Fits 3 Ring 4 Ring and 2 Ring Binders. Acid Free and Archival Safe Box of 100.","Samsill","$8.49","121","4","$1027","08/09/2017","$1.43","478","4.6","$7.06","48548","Office Products","B074Q3J2C6","https://www.amazon.com/dp/B074Q3J2C6"
"","","141","PERFORMORE 25 Pack of 8.5 x 14 Legal Size Heavyweight Clear Sheet Protectors Plastic Legal Paper Sleeves Clear Archival Quality Long Sheet Protectors for Binders Documents","Performore","$8.99","143","4","$1286","11/30/2017","$4.57","27","4.8","$4.42","59795","Office Products","B092LSL58J","https://www.amazon.com/dp/B092LSL58J"
"","","142","PERFORMORE 25 Pack of 8.5 x 14 Heavyweight Landscape Sheet Protectors Legal Paper Sleeves Clear Archival Quality Horizontal Legal Size Clear Sheet Protectors for Binders Documents","Performore","$12.99","72","2","$935","11/30/2017","$7.45","21","4.7","$5.54","57262","Office Products","B092LMG319","https://www.amazon.com/dp/B092LMG319"
"","","143","Heavyweight Sheet Protectors Holds 8.5 x 11 inch Sheets 9.25 x 11.25 inch Top Loading Clear Reinforced 11-Hole Acid-Free Archival Safe for Documents and Photos (500 Sheets)","RUBEX","$29.99","313","10","$9387","07/24/2019","$16.96","1190","4.8","$13.03","26282","Office Products","B07PVKP87X","https://www.amazon.com/dp/B07PVKP87X"
"","","144","Wilson Jones Sheet Protectors Heavy Weight Top-Loading Non-Glare 100 Sheets/Box (W21413)","Wilson Jones","$21.99","75","2","$1649","04/30/2008","$12.9","397","4.5","$9.09","66830","Office Products","B0000Y7E2S","https://www.amazon.com/dp/B0000Y7E2S"
"","","145","200 Count Diamond Clear Sheet Protectors Added Anti Glare Coating Standard Durable Weight by Gold Seal 8.5 x 11' Topload 200 Boxed Sheet Protectors","GOLD SEAL","$14.99","50","1","$750","03/08/2020","$6.95","23","4.7","$8.04","87357","Office Products","B09TTYPPYP","https://www.amazon.com/dp/B09TTYPPYP"
"","","146","100 Clear Sheet Protectors 8.5' x 11' Clear Page Protectors for 3 Ring Binder Plastic Sheet Sleeves Top Loading Paper Protector with Reinforced Holes Archival Safe for Documents and Photos","Officewerks","$8.99","920","30","$8271","06/30/2017","$4.05","1956","4.5","$4.94","14093","Office Products","B07285VNDW","https://www.amazon.com/dp/B07285VNDW"
"","","147","C-Line Top Loading Heavyweight Poly Sheet Protectors Non-Glare 8.5 x 11 Inches 100 per Box (62028)","C-Line","$18.79","81","2","$1522","12/01/2004","$10.18","226","4.8","$8.61","53922","Office Products","B000NNTYSS","https://www.amazon.com/dp/B000NNTYSS"
"","","148","Staples Sheet Protector Clear 100/Pack (13860-CC)","STAPLES","$13.48","0","0","$0","04/21/2019","...","13","4.2","","145824","Office Products","B06W55SQZC","https://www.amazon.com/dp/B06W55SQZC"
"","","149","Avery Clear Protect 'n Tab Tabbed Sheet Protector Dividers 5-Tab Set Top Load 5 Page Protectors (74160)","AVERY","$5.50","35","1","$193","04/17/2006","$1.76","89","4.5","$3.75","72328","Office Products","B000RMSAGC","https://www.amazon.com/dp/B000RMSAGC"
"","","150","Color Edge Sheet Protectors 100/Box by Better Office Products Color Coded Edges 8.5 x 11 Inches 5 Assorted Colors 100 Pack","Better Office Products","$17.99","13","0","$234","02/13/2019","$10.15","168","4.7","$7.84","142226","Office Products","B07NQTXQ3L","https://www.amazon.com/dp/B07NQTXQ3L"
"","","151","500 Sheet Protectors 8.5 X 11 Inch Clear Page Protectors for 3 Ring Binder 35 Micron Plastic Sheet Sleeves Protectors Durable Top Loading Paper Protector with Reinforced Holes Archival Safe","Officewerks","$25.19","236","7","$5945","03/21/2017","$14.68","399","4.4","$10.51","118094","Office Products","B06XS94XF2","https://www.amazon.com/dp/B06XS94XF2"
"","","152","270 Pockets Trading Card Sleeves Double-Sided 9 Pocket Page Protector Ultra-Transparent Card Sheets for 3 Ring Binder Card Sleeves for Pokemon/Yugioh/MTG Cards Baseball Cards","WITHYU","$4.89","210","7","$1027","10/22/2021","$1.24","90","4.7","$3.65","23561","Office Products","B09KLKCL4Z","https://www.amazon.com/dp/B09KLKCL4Z"
"","","153","500 Sheet Protectors Heavy Duty 8.5 X 11 Inch Clear Page Protectors for 3 Ring Binder 70 Micron Plastic Sheet Sleeves Durable Top Loading Paper Protector with Reinforced Holes Archival Safe","Officewerks","$29.97","43","1","$1289","11/30/2017","$17.54","232","4.7","$12.43","76156","Office Products","B077CXNV6X","https://www.amazon.com/dp/B077CXNV6X"
"","","154","Heavyweight Clear Mini Sheet Protectors 5.5' x 8.5' 50 Pack Top LoadReinforced Holes Acid-Free/Archival Safe","Officewerks","$11.97","39","1","$467","03/21/2018","$7.1","317","4.7","$4.87","54231","Office Products","B07C8L5CC4","https://www.amazon.com/dp/B07C8L5CC4"
"","","155","JARLINK 200 Pack Clear Sheet Protectors 8.5 x 11 Inches Sheet Protectors for 3 Ring Binder Page Protectors with 8 Extra Tab Dividers for Protect and Organize Documents Easily","JARLINK","$16.99","18","0","$306","11/09/2020","$8.01","41","5","$8.98","67917","Office Products","B08JV4JYC4","https://www.amazon.com/dp/B08JV4JYC4"
"","","156","C-Line Traditional Standard Weight Poly Sheet Protectors Clear 8.5 x 11 Inches 100 per Box (03213)","C-Line","$14.66","99","3","$1451","12/01/2004","$6.03","219","4.6","$8.63","52626","Office Products","B000J0ASPS","https://www.amazon.com/dp/B000J0ASPS"
"","","157","Avery 74171 Sheet Protectors Top Load 11-Inch X8-1/2-Inch 25/Pk Diamond Clear","AVERY","$12.28","30","1","$368","11/10/2010","$7.37","24","4.3","$4.91","104300","Office Products","B004E2OUVA","https://www.amazon.com/dp/B004E2OUVA"
"","","158","Transparent Page Binder Document Protectors 11 Holes Clear A4 Size Sheet Paper File Folder Organizer Sleeves for Binders Holds 8.5' x 11' Files Totally Area 12 x 9.25 Inch[Set of 50]","KKG","$5.69","156","5","$888","11/30/2020","$1.77","55","4.1","$3.92","30360","Office Products","B08PCZSHVW","https://www.amazon.com/dp/B08PCZSHVW"
"","","159","30 Pack 4x6' Photo Album Refill Pages for 3 Ring BinderUltra-Clear Photo Sleeves Holding 180 Pictures Double-Sided 3 Pockets Photo Pages with Memo SlotPhoto Sheet Protector for Photos and Postcards","Zofly","$7.59","300","10","$2277","12/27/2021","$3.38","47","4.7","$4.21","29747","Office Products","B09PBRHLG8","https://www.amazon.com/dp/B09PBRHLG8"
"","","160","200 Sheet Protectors Heavy Duty 8.5 X 11 Inch Clear Page Protectors for 3 Ring Binder 70 Microns Plastic Sheet Sleeves Durable Top Loading Paper Protector with Reinforced Holes Archival Safe","Performore","$16.97","165","5","$2800","11/30/2017","$7.99","196","4.6","$8.98","51968","Office Products","B077CZL5G4","https://www.amazon.com/dp/B077CZL5G4"
"","","161","BAZIC Sheet Protectors Heavyweight Fit 8.5x11 Inch Paper Reinforced11 Hole Clear Plastic Sleeves Ring Binder Sheets Archival Safe (10/Pack) 1-Pack","BAZIC Products","$5.19","15","0","$78","06/23/2019","$1.49","5","4.7","$3.70","149755","Office Products","B07S15TNLQ","https://www.amazon.com/dp/B07S15TNLQ"
"","","162","Eleven Discs Letter Sheet Protectors for Discbound Notebooks fits Circa Arc TUL (Transparent Set of 25)","Eleven Discs","$13.95","135","4","$1883","09/11/2021","$8.79","77","4.7","$5.16","42823","Office Products","B09G1KB91W","https://www.amazon.com/dp/B09G1KB91W"
"","","163","Acrux7 300Pcs Sheet Protectors 9x12 Inch Plastic Page Protectors Heavy Duty Clear Paper Protectors for 3 Ring Binder Top Loading Sleeves Acid Free","Acrux7","$19.99","30","1","$600","09/23/2020","$10.56","5","3.9","$9.43","83923","Office Products","B08JZ1FS57","https://www.amazon.com/dp/B08JZ1FS57"
"","","164","Samsill Standard Weight Non-Glare Poly Sheet Protectors Box of 100 Acid Free & Archival Safe Top Loading Letter Size - 8.5 x 11","Samsill","$12.37","18","0","$223","07/05/2006","$5.37","96","4.4","$7.00","84742","Office Products","B0017TGB06","https://www.amazon.com/dp/B0017TGB06"
"","","165","DesignComfort 3MIL Office Heavyweight Sheet Protectors 8.511 inches Top Load Inserts(50 Pack)  Reinforced Clear Pages Protectors for 3 Ring Binder","DesignComfort","$6.49","12","0","$78","09/16/2021","...","14","4.7","","247613","Office Products","B09GKWCKBZ","https://www.amazon.com/dp/B09GKWCKBZ"
"","","166","60 Pack Seed Organization Binder 4 Pocket Garden Seeds Transparent Sheet Protectors 3 Ring Binder Seed Pockets for Postcards Photos Cards Each Pocket Measures 5.3 x 3.5 Inches","Chivao","$15.97","69","2","$1102","04/27/2022","$8.43","3","5","$7.54","50028","Office Products","B09Z2SLJG9","https://www.amazon.com/dp/B09Z2SLJG9"
"","","167","Top Loading Sheet Protectors Holds 8.5' x 11' Paper Fits in Standard Three Ring Binder Documents can be Inserted from The Top Hole Punching is not Necessary - 10 Per Pack (Pack of 2) - by Emraw","Emraw","$5.29","0","0","$0","03/17/2019","$1.58","26","4.2","$3.71","293758","Office Products","B07PTBP8YQ","https://www.amazon.com/dp/B07PTBP8YQ"
"","","168","TYH Supplies 50-Pack Economy 11 Hole Non Glare Sheet Protectors 8-1/2 x 11 Inch Non Vinyl Acid Free Matte Top Loading","TYH Supplies","$5.99","643","21","$3852","10/19/2018","$2.02","4857","4.7","$3.97","13415","Office Products","B07SV6DNHP","https://www.amazon.com/dp/B07SV6DNHP"
"","","169","Wilson Jones Top-Loading Mini Sheet Protectors 5.5 x 8.5 Inches Clear 15 Pack (W21516)","Wilson Jones","$4.99","42","1","$210","06/02/2014","$1.32","58","4.6","$3.67","78486","Office Products","B00KV3ZRYA","https://www.amazon.com/dp/B00KV3ZRYA"
"","","170","Sparco Transparent File Holder Sheet Protector - Letter - 8.50' Width x 11' Length Sheet Size - 200 Sheet Capacity - Clear - 100 File Holders / 10 Pack of 10","Sparco","$49.99","20","0","$1000","05/25/2017","$35.46","20","4.1","$14.53","167415","Office Products","B072LY6X1P","https://www.amazon.com/dp/B072LY6X1P"
"","","171","11x17 Sheet Protectors 50 Pcs Page Protectors for 3 Ring Binder Side Loading Page Sleeves Archival Sleeves Landscape View Binder Sleeves for Photos Posters Art Prints Sketches Archival Safe","tutata","$15.99","30","1","$480","11/18/2021","$8.45","10","4.4","$7.54","105371","Office Products","B09HKSFK3P","https://www.amazon.com/dp/B09HKSFK3P"
"","","172","C-Line Memory Book 12 x 12 Inch Scrapbook Page Protectors Clear Poly Top Load 50 Pages per Box (62227)","C-Line","$21.54","128","4","$2757","11/29/2009","$12.52","1017","4.7","$9.02","58703","Office Products","B000S160C8","https://www.amazon.com/dp/B000S160C8"
"","","173","600 Pack Clear Sheet Protectors for 3 Ring Binder Page Protectors Heavy Duty Plastic Sheet Protectors Fits Standard 8.5 x 11 Paper Reinforced 11 Hole Design","Epakh","$27.99","25","0","$700","11/05/2021","$17.06","7","3.4","$10.93","142274","Office Products","B09L5XJY87","https://www.amazon.com/dp/B09L5XJY87"
"","","174","Heavy Duty Clear Sheet Protectors 8.5' x 11' 150 Pack Top LoadReinforced Holes Acid-Free/Archival Safe","Officewerks","$17.99","15","0","$270","03/19/2018","$9.5","55","4.4","$8.49","136819","Office Products","B07BLK2B1L","https://www.amazon.com/dp/B07BLK2B1L"
"","","175","C-Line Top Loading Standard Weight Poly Sheet Protectors Non-Glare 8.5 x 11 Inches 100 per Box (62048)","C-Line","$12.29","24","0","$295","04/17/2006","$5.31","45","4.7","$6.98","103356","Office Products","B000V6YSJW","https://www.amazon.com/dp/B000V6YSJW"
"","","176","PERFORMORE 10 Pack of 8.5 x 14 Legal Size Heavyweight Clear Sheet Protectors Plastic Legal Paper Sleeves Clear Archival Quality Long Sheet Protectors for Binders Documents","Performore","$7.99","30","1","$240","11/30/2017","$3.87","5","5","$4.12","103358","Office Products","B092L9LHYP","https://www.amazon.com/dp/B092L9LHYP"
"","","177","A4-Sized Clear Sheet Protectors Polypropylene Acid-Free Safe Heavy-Duty 100 Pack Coral Brand","Coral LLC","$16.49","70","2","$1154","07/08/2018","$8.23","61","4.6","$8.26","59406","Office Products","B07FD5LNH9","https://www.amazon.com/dp/B07FD5LNH9"
"","","178","Sheet Protector  Page Protectors for 3 Ring Binders Heavy Duty Page Protectors for 8.5 x 11 Binder Sleeves (200 Sleeves)","VEEBOOST","$16.99","90","3","$1529","07/06/2022","...","1","5","","40031","Office Products","B0B5YKST9H","https://www.amazon.com/dp/B0B5YKST9H"
"","","179","500 Heavyweight Sheet Protectors Reinforced 3 Hole Design with 3 MIL Thickness Fits Standard 8.5 x 11 Paper 9.25 x 11.25 Top Loaded 500 Pack","Blue Summit Supplies","$35.99","103","3","$3707","12/16/2017","$20.86","448","4.8","$15.13","54668","Office Products","B078G44XSD","https://www.amazon.com/dp/B078G44XSD"
"","","180","MaxGear Pokemon Card Binder Sleeves Baseball Trading Card Page Protectors 9 Pocket for 3 Ring Binder 40 Pack Sheet Protector Sleeve for Sport Cards Coupon Game Cards Business Cards","MaxGear","$5.99","204","6","$1222","08/31/2021","$2.02","76","4.8","$3.97","17119","Office Products","B09F5MQY1R","https://www.amazon.com/dp/B09F5MQY1R"
"","","181","Business Source 8.5 x 11 Inches Heavyweight Top Loading Sheet Protectors - Pack of 100 - Clear (BSN74550)","Business Source","$18.81","20","0","$376","06/20/2007","$10.2","16","4.4","$8.61","107268","Office Products","B0030FCBU4","https://www.amazon.com/dp/B0030FCBU4"
"","","182","Fabmaker 30 Pack Photo Sleeves for 3 Ring Binder - (5x7 for 120 Photos) Archival Photo Page Protectors 5x7 Clear Plastic Photo Album Refill Pages Photo Pockets Postcard Sleeves Acid-Free","Fabmaker","$6.99","1410","47","$9856","05/17/2021","$2.87","497","4.8","$4.12","6113","Office Products","B0957TRTCJ","https://www.amazon.com/dp/B0957TRTCJ"
"","","183","100 Pcs | 12 x 8.7 Inches | Frank & Maverick A4 Size Paper Sheet Protectors Clear Heavy Duty 50 Micron Plastic & 11 Holes Suitable All Types of Binders | Page Protector | Clear Sheet Protector","Frank & Maverick","$5.99","15","0","$90","10/21/2021","$2.02","7","2.9","$3.97","83866","Office Products","B09K3PLCF1","https://www.amazon.com/dp/B09K3PLCF1"
"","","184","50 Count Diamond Clear Sheet Protectors Anti Glare Coating Standard Durable Weight by Gold Seal 8.5 x 11' Topload 50 Pack","GOLD SEAL","$5.99","240","8","$1438","03/08/2020","$2.02","139","4.6","$3.97","32300","Office Products","B085Q377VZ","https://www.amazon.com/dp/B085Q377VZ"
"","","185","Clear Sheet Protectors 8.5' x 11' 200 Pack Durable Top LoadReinforced Holes Acid-Free/Archival Safe","Officewerks","$11.97","40","1","$479","04/25/2017","$5.03","135","4.1","$6.94","131177","Office Products","B071RMJR7N","https://www.amazon.com/dp/B071RMJR7N"
"","","186","Staples 923666 11-Inch x 17-Inch Top Loading Fold-Out Sheet Protectors 5/Pack (15937-CC)","STAPLES","$9.67","30","1","$290","11/21/2019","...","1","5","","106788","Office Products","B01N91VBVI","https://www.amazon.com/dp/B01N91VBVI"
"","","187","Wilson Jones Tinted Pocket Sheet Protectors Letter Size 12 Sleeves per Pack Multi-Color (W21417A)","Wilson Jones","$5.94","5","0","$30","04/04/2014","$2.13","98","4.4","$3.81","146912","Office Products","B000ZPFA46","https://www.amazon.com/dp/B000ZPFA46"
"","","188","Oklahoma Joe's Longhorn Reverse Flow Smoker Black","Oklahoma Joe's","$799.00","64","2","$51136","04/21/2017","$394.7","332","4.5","$404.30","66188","Patio Lawn & Garden","B01KJGBEYK","https://www.amazon.com/dp/B01KJGBEYK"
"","","189","50 Pack 11x17 Sheet Protectors Landscape 11 x 17' Ledger Size Plastic Sleeves for 3 Ring Binder","Harhana","$13.99","34","1","$476","06/05/2022","$6.75","1","4","$7.24","122250","Office Products","B09X2WFTSH","https://www.amazon.com/dp/B09X2WFTSH"
"","","190","1000 Sheet Protectors 8.5 x 11 Clear Page Protectors 11 Hole Economy Design Lightweight Plastic Binder Sleeves Acid and PVC Free Clear Plastic Design 9.25 x 11.25 Top Loaded","Blue Summit Supplies","$44.99","66","2","$2969","12/05/2019","$29.41","100","4.8","$15.58","113809","Office Products","B082FR722R","https://www.amazon.com/dp/B082FR722R"
"","","191","Sheet Page Protectors Binder Sleeves - Designed to Protect Frequently Used 8.5 x 11 inches Plastic Covers for Paper for 3 Ring Binders 400ct","WEANOS","$21.99","124","4","$2727","08/12/2019","$11.66","538","4.8","$10.33","45181","Office Products","B07WMMHB9Q","https://www.amazon.com/dp/B07WMMHB9Q"
"","","192","Office Depot Tabloid-Size Sheet Protectors 11in. x 17in. Clear Pack Of 10 697146","Office Depot","$9.49","18","0","$171","04/20/2015","$5","34","4.4","$4.49","99660","Office Products","B00F63Q8Q6","https://www.amazon.com/dp/B00F63Q8Q6"
"","","193","C-Line 12-Pocket Bound Sheet Protector Presentation Book 24-Page Capacity For 8.5 x 11-Inch Inserts Black (33120)","C-Line","$6.82","21","0","$143","02/09/2011","$2.73","196","4.6","$4.09","167416","Office Products","B004Q9Z9IO","https://www.amazon.com/dp/B004Q9Z9IO"
"","","194","Dunwell Legal Size Sheet Protector - (Heavyweight 50 Pack) 8.5x14 Legal Paper Sleeves 7 Hole Punched for 3-Ring Legal Binder or 4 Ring Legal Size Binder Archival Quality Long Sheet Protectors","Dunwell","$14.95","248","8","$3708","09/15/2020","$7.57","468","4.6","$7.38","20543","Office Products","B08C3135BS","https://www.amazon.com/dp/B08C3135BS"
"","","195","80 Pack Sheet Protectors 8.5 x 11-inch Page Protectors 11 Hole Sheet Protectors for 2 3 4 Ring Binder Clear Page Protectors Plastic Sleeves Heavy Duty Photo Sleeves Letter Size","Joyberg","$5.99","25","0","$150","08/11/2021","$-0.7","53","3.3","$6.69","161659","Office Products","B09CFT16L7","https://www.amazon.com/dp/B09CFT16L7"
"","","196","Just Basics Top-Loading Sheet Protectors Lightweight Semi-Clear Box Of 200","OfficeMax","$14.57","10","0","$146","10/18/2010","$6.59","30","4.9","$7.98","132216","Office Products","B00QTS6HX6","https://www.amazon.com/dp/B00QTS6HX6"
"","","197","Charles Leonard Sheet Protectors Top Loading with Binder Holes 2 Mils Economy Weight Letter Size Clear 15-Pack (48115)","Charles Leonard","$6.25","0","0","$0","12/19/2010","$2.39","21","4.7","$3.86","244209","Office Products","B004G57UIU","https://www.amazon.com/dp/B004G57UIU"
"","","198","Qunrwe A3 Diamond Painting Storage BookArt Portfolio Case 40 PagesPocket Protector with Index StickersClear Sheet Protectors Presentation Folders Display Book for ArtworkReportPhoto12x16in(Blue)","Qunrwe","$17.99","30","1","$540","06/08/2022","$10.15","0","","$7.84","82205","Office Products","B0B5CLZ78P","https://www.amazon.com/dp/B0B5CLZ78P"
"","","199","300 Pcs Clear Sheet Protectors for 3 Ring Binder Page Protectors 8.5 x 11 Top Loading Document Protectors Plastic Sleeves for Binders for Multiple Photos or Printing Paper.","Yoicaly","$17.99","170","5","$3058","05/24/2022","$8.86","13","4.5","$9.13","60772","Office Products","B09PY65VQ6","https://www.amazon.com/dp/B09PY65VQ6"
"","","200","Dunwell Binder with Plastic Sleeves 60-Pocket - Presentation Book 8.5x11 (Black) Displays 120 Pages Portfolio Folder with 8.5 x 11 Sheet Protectors for Documents Hobbie Collectibles Kids Artwork","Dunwell","$16.95","1421","47","$24086","07/19/2020","$9.27","1098","4.7","$7.68","7072","Office Products","B088ZH4ZZH","https://www.amazon.com/dp/B088ZH4ZZH"
"","","201","Staples 938969 Arc System Heavyweight Sheet Protector Letter Size Clear 25/Pk","STAPLES","$9.49","120","4","$1139","07/12/2016","$2.93","347","4.7","$6.56","53011","Office Products","B01IDV59KI","https://www.amazon.com/dp/B01IDV59KI"
"","","202","Coruscant 500 Sheet Protectors 11 Hole Lightweight Binder Sleeves Protecting Paper File Classification No Acid No PVC Double Sided Transparent 9.25 X 11.25 Top Loaded","coruscant","$29.99","30","1","$900","11/29/2020","...","136","4.3","","102650","Office Products","B08PBJMQ76","https://www.amazon.com/dp/B08PBJMQ76"
"","","203","Avery Clear Recycled Economy Weight Sheet Protectors Top Load 100 Document Protectors (75539)","AVERY","$13.44","30","1","$403","01/05/2011","$6.28","224","4.7","$7.16","121860","Office Products","B004I2NSUU","https://www.amazon.com/dp/B004I2NSUU"
"","","204","C-Line Top Loading Super Heavyweight Vinyl Sheet Protectors Non-Glare 8.5 x 11 Inches 50 per Box (61013)","C-Line","$19.17","36","1","$690","12/01/2004","$10.5","43","4.5","$8.67","157648","Office Products","B000WA3FLO","https://www.amazon.com/dp/B000WA3FLO"
"","","205","Samsill Heavyweight Clear Sheet Protectors Box of 200 Plastic Page Protectors Acid Free/Archival Safe Top Load","Samsill","$18.99","12","0","$228","09/04/2017","$9.41","114","4.6","$9.58","129701","Office Products","B075GWYR57","https://www.amazon.com/dp/B075GWYR57"
"","","206","VANANSA 30 Count Sheet Protectors Page Protectors with 3 Ring Binder9.2 x 12 Inches Large Size Protector Top Loading Clean Paper Protector 2.36 Mil /0.06MM Acid-Free Oranger Coded Edges.","VANANSA","$5.99","75","2","$449","05/16/2021","...","323","4.5","","85868","Office Products","B09538FQ11","https://www.amazon.com/dp/B09538FQ11"
"","","207","Office Depot Legal Sheet Protectors Heavyweight 8 1/2in. x 14in. Non-Glare Clear Box Of 5 534678","Office Depot","$8.99","0","0","$0","09/12/2013","$4.72","5","5","$4.27","183883","Office Products","B00F63PWKY","https://www.amazon.com/dp/B00F63PWKY"
"","","208","20 Pack 360 Pockets Black Trading Card Sleeves Binder Sheets Double Sided Thicken Game Card Sleeves for 3 Ring Binder 9 Pocket Side Loading Page Protector for MTG Yugioh Pokemon Baseball Cards","Zofly","$6.49","95","3","$617","04/15/2022","$2.45","2","5","$4.04","44232","Office Products","B09Y3777FG","https://www.amazon.com/dp/B09Y3777FG"
"","","209","C-Line CLI62237 Panoramic Fold-Out Sheet Protectors 25 / Box Clear","C-Line","$20.29","23","0","$467","12/01/2004","$12.11","83","4.6","$8.18","154875","Office Products","B000J07EF0","https://www.amazon.com/dp/B000J07EF0"
"","","210","Wilson Jones Top-Loading Sheet Protectors Heavyweight Diamond Clear Box Of 100","Wilson Jones","$17.10","30","1","$513","12/31/2008","$8.75","16","4.8","$8.36","116001","Office Products","B007CO61AK","https://www.amazon.com/dp/B007CO61AK"
"","","211","Samsill 50 Pack 4 Pocket Garden Seeds Clear Sheet Protectors Card Protectors  Also Works for Postcards Index Cards Couponing Each Pocket Measures 3.5' x 5.25' Fits in Standard 3 Ring Binder","Samsill","$15.39","564","18","$8680","01/18/2020","$7.94","890","4.8","$7.45","17666","Office Products","B08418GCMH","https://www.amazon.com/dp/B08418GCMH"
"","","212","Business Source Top Loading Sheet Protectors - 9 x 11 Inches - Semi-Clear - Pack of 200 (74448)","Business Source","$18.93","18","0","$341","08/16/2010","$10.3","52","3.9","$8.63","125319","Office Products","B003T3A7CG","https://www.amazon.com/dp/B003T3A7CG"
"","","213","Pen Gear Sheet Protectors 100-Pack","ANDUOLA","$16.67","22","0","$367","05/11/2018","...","55","4.8","","164244","Office Products","B01DN7GB4A","https://www.amazon.com/dp/B01DN7GB4A"
"","","214","C-Line Top Loading Standard Weight Poly Sheet Protectors Non-Glare 8.5 x 11 Inches 50 per Box (62038)","C-Line","$7.83","30","1","$235","12/01/2004","$3.59","85","4.5","$4.24","117138","Office Products","B002ZWSW2O","https://www.amazon.com/dp/B002ZWSW2O"
"","","215","MaxGear Photo Sleeves for 3 Ring Binder 12x12 Album 30 Pack Photo Album Refill Pages 4x6 Photo Sleeves Mixed Hold 300 Photos Archival Photo Page Protectors 12x12 Each Page Holds Five 4x6 Pictures","MaxGear","$14.79","195","6","$2884","06/20/2022","$7.43","0","","$7.36","33388","Office Products","B09VL3STXP","https://www.amazon.com/dp/B09VL3STXP"
"","","216","Avery 74401 Heavyweight Sheet Protectors Letter Size Non-Glare 200/Bx","AVERY","$36.05","0","0","$0","09/22/2010","$23.91","0","","$12.14","196467","Office Products","B00449YR2A","https://www.amazon.com/dp/B00449YR2A"
"","","217","2Fold Sheet Protectors for Broadway Play Program and Theater Programs - 25 Custom Sheet Protectors Fits The Older 9 x 6 Playbills (6.25 x 9.25 Program Protectors (25 Pack))","2Fold","$10.99","126","4","$1385","10/08/2018","$6.42","84","4.5","$4.57","42867","Office Products","B07J4YVZST","https://www.amazon.com/dp/B07J4YVZST"
"","","218","Office Depot Brand Super Heavyweight Sheet Protectors 8-1/2' x 11' Non-Glare Box Of 200","Office Depot","$30.99","5","0","$155","01/27/2021","...","1","5","","164999","Office Products","B08VD16P8D","https://www.amazon.com/dp/B08VD16P8D"
"","","219","Avery 74404 Self-Adhesive Display Sheet Protectors Letter Size Clear 10/Pack","AVERY","$8.79","40","1","$352","06/01/2009","$4.55","36","4.5","$4.24","58685","Office Products","B00PV0VBHU","https://www.amazon.com/dp/B00PV0VBHU"
"","","220","Page Protectors 8.5 x 11 Inches Ecovision Crystal Clear Plastic Sheet Protectors for 3 Ring Binder. Top Loading Binder Sheets Paper Protector Letter Size (50 Pack)","EcoVision","$6.99","150","5","$1049","06/17/2021","$2.35","111","4.5","$4.64","32155","Office Products","B097GWM1CX","https://www.amazon.com/dp/B097GWM1CX"
"","","221","Avery 74090 Top-Load Sheet Protector Economy Gauge Letter Clear 50/Box","AVERY","$12.01","30","1","$360","11/10/2011","$5.69","1","5","$6.32","78859","Office Products","B079ZJH41N","https://www.amazon.com/dp/B079ZJH41N"
"","","222","Office Depot Heavyweight Non-Glare Sheet Protectors 8 1/2in. x 11in. Clear Pack Of 100 97124","Office Depot","$15.19","10","0","$152","12/01/2016","$7.12","45","4.6","$8.07","157194","Office Products","B00F63JIPO","https://www.amazon.com/dp/B00F63JIPO"
"","","223","C-Line Top Loading Super Heavyweight Poly Sheet Protectors Non-Glare 11 x 8.5 Inches 50 per Box (61008)","C-Line","$17.05","20","0","$341","12/01/2004","$9.35","63","4.6","$7.70","139002","Office Products","B0006NI8E6","https://www.amazon.com/dp/B0006NI8E6"
"","","224","Staples 919789 High Capacity Sheet Protectors 25/Pack (15944)","STAPLES","$8.31","18","0","$150","06/21/2015","$3.99","42","4.5","$4.32","77737","Office Products","B0106CK84E","https://www.amazon.com/dp/B0106CK84E"
"","","225","Integrity Resources Clear Sheet Protectors Bulk Pack 500 Top Loading Durable Archival Safe PVC Free Acid Free Polypropylene 8.5 x 11 Inch for 3 Ring Binder","Integrity Resources Inc","$21.95","114","3","$2502","07/21/2020","$11.03","276","4.5","$10.92","58211","Office Products","B08DG4GVVH","https://www.amazon.com/dp/B08DG4GVVH"
"","","226","Universal 21124 Top-Load Poly Sheet Protectors Standard Gauge Letter Clear (Pack of 50)","Universal","$10.27","0","0","$0","12/01/2004","$5.14","16","4.6","$5.13","294771","Office Products","B001CD9NTI","https://www.amazon.com/dp/B001CD9NTI"
"","","227","150 Sheet Protectors 8.5 X 11 Inch Clear Page Protectors for 3 Ring Binder Plastic Sheet Sleeves Protectors Durable Top Loading Paper Protector with Reinforced Holes Archival Safe","Performore","$16.97","148","4","$2512","03/19/2018","$9.28","212","4.5","$7.69","59920","Office Products","B07BLKCKVD","https://www.amazon.com/dp/B07BLKCKVD"
"","","228","Craftinova 500 Sheet Protectors 11 Hole Lightweight Binder Sleeves Designed to Protect Frequently Used 8.5 x 11 Papers Acid Free Clear Plastic Design 9.25 x 11.25 Top Loaded","craftinova","$24.99","30","1","$750","11/29/2020","$14.51","219","4.5","$10.48","143210","Office Products","B08PBN2DHZ","https://www.amazon.com/dp/B08PBN2DHZ"
"","","229","Kasuyi 20 Pack Clear Sheet Protectors9 12 Inch Reusable Erasable Archival Safe Page ProtectorsUse for Keeping RecipesPhotosImportant Documents Certificates Clean","Kasuyi","$9.75","18","0","$176","10/31/2021","$5.37","4","4.5","$4.38","154224","Office Products","B09BV2X2BK","https://www.amazon.com/dp/B09BV2X2BK"
"","","230","40 Pieces A4 Sheet Protectors for Discbound Holds Discbound Binding Cover (40)","DLUGOPIS","$18.99","54","1","$1025","11/29/2021","$11.62","17","4.5","$7.37","84112","Office Products","B09QKQD7DQ","https://www.amazon.com/dp/B09QKQD7DQ"
"","","231","50 Pack 400 Pockets 2.5x3.5' Trading Card SleevesDouble-Sided 4 Pocket Page ProtectorUltra-Clear Pokemon Card Sheets for A5 Mini 3 Ring Binder","WITHYU","$7.99","343","11","$2741","12/09/2021","$3.02","64","4.5","$4.97","32672","Office Products","B09NCXH8YG","https://www.amazon.com/dp/B09NCXH8YG"
"","","232","100 Sheet Protectors Heavy Duty 8.5 X 11 Inch Clear Page Protectors for 3 Ring Binder 70 Microns Plastic Sheet Sleeves Durable Top Loading Paper Protector with Reinforced Holes Archival Safe","Officewerks","$13.99","27","0","$378","11/30/2017","$6.75","206","4.6","$7.24","131999","Office Products","B077CZLYNM","https://www.amazon.com/dp/B077CZLYNM"
"","","233","Avery Top Loading Sheet Protector (PV119G-50)","AVERY","$15.55","35","1","$544","07/01/2012","$8.08","43","4.5","$7.47","112386","Office Products","B005B2PSUO","https://www.amazon.com/dp/B005B2PSUO"
"","","234","PERFORMORE 25 Pack of 9-Pocket Trading Card Binder Sleeves for 3 Ring Binders | Yugioh Baseball Pokemon Sports Card Page Protector Sheets | Plastic Top Loader Pages","Performore","$6.97","43","1","$300","03/14/2019","$2.85","173","4.8","$4.12","47172","Office Products","B07PPVYY4H","https://www.amazon.com/dp/B07PPVYY4H"
"","","235","BAZIC Sheet Protectors Economy Fit 8.5x11 Inch Paper 11 Hole Clear Plastic Sleeves Ring Binder Sheets Archival Safe (20/Pack) 1-Pack","BAZIC Products","$5.99","0","0","$0","05/15/2019","...","1","5","","188536","Office Products","B07RX2H2V5","https://www.amazon.com/dp/B07RX2H2V5"
"","","236","Staples 616224 5-1/2-Inch X 8-1/2-Inch Sheet Protectors Clear 25/Pack","STAPLES","$5.99","18","0","$108","06/21/2015","$2.17","135","4.6","$3.82","72947","Office Products","B00GAC6ML8","https://www.amazon.com/dp/B00GAC6ML8"
"","","237","StoreSMART - Clear Plastic Sheet Protector - 11' x 17' - for 3-Ring Binders - 25-Pack - RPT1262-25","STORE SMART","$37.25","0","0","$0","03/24/2015","...","0","","","295053","Office Products","B00V73EIVG","https://www.amazon.com/dp/B00V73EIVG"
"","","238","Oxford Top-Load Poly/Vinyl Three-Hole Sheet Protectors Heavy Weight Letter Size 50 per Box (1185) Clear 1.8' x 2.6' x 6.6'","Oxford","$19.20","15","0","$288","12/01/2004","$10.53","4","5","$8.67","127875","Office Products","B000DN859W","https://www.amazon.com/dp/B000DN859W"
"","","239","ABLY 540 Pockets Double-Sided Trading Card Pages Sleeves 9-Pocket Clear Plastic Game Card Protectors for Skylanders Pokemon Baseball Cards and More Fit 3 Ring Binder (30 Pages)","ABLY","$6.99","2048","68","$14316","09/06/2019","$2.87","3342","4.7","$4.12","3457","Office Products","B07VSNSYB4","https://www.amazon.com/dp/B07VSNSYB4"
"","","240","1InTheOffice Mini Binder Sheet Protectors 5.5 x 8.5 Top Loading Clear'25 Pack'","1InTheOffice","$8.59","10","0","$86","05/07/2018","$4.38","83","4.4","$4.21","177491","Office Products","B07CXFWT3H","https://www.amazon.com/dp/B07CXFWT3H"
"","","241","Avery Economy Weight Nonstick Sheet Protectors ( 100 count )","AVERY","$18.68","30","1","$560","05/05/2015","$10.74","45","4.2","$7.94","129699","Office Products","B01MDODXG6","https://www.amazon.com/dp/B01MDODXG6"
"","","242","Avery Top Loading Sheet Protector (PVH119G-50)","AVERY","$25.99","12","0","$312","07/01/2012","$16.95","5","4.3","$9.04","122484","Office Products","B005B2TAIK","https://www.amazon.com/dp/B005B2TAIK"
"","","243","Office Depot Top-Loading Sheet Protectors Heavyweight Clear Expandable Box Of 25 105007RMDUP","Office Depot","$11.49","35","1","$402","06/08/2015","$6.7","20","4","$4.79","58087","Office Products","B00X113ZUM","https://www.amazon.com/dp/B00X113ZUM"
"","","244","StoreSMART - Rigid Print Protectors 5-Pack - 8 1/2' x 11' - Top Loaders - HPP812X11-5","STORE SMART","$23.99","325","10","$7797","02/02/2010","...","142","4.7","","18791","Office Products","B0036ZKLKK","https://www.amazon.com/dp/B0036ZKLKK"
"","","245","TYH Supplies 100-Pack Economy 7 Hole Half Page Small Clear Mini Sheet Protectors 5.5 x 8.5 Inches A5 Non Vinyl Acid Free","TYH Supplies","$9.99","30","1","$300","05/04/2017","$3.97","103","4.5","$6.02","76988","Office Products","B071DXQZBK","https://www.amazon.com/dp/B071DXQZBK"
"","","246","(50 Sheets) Seed Storage Organizer (3.5 x 5' Pockets) Garden Seed Organizer - Seed Packet Organizer - Seed Sheets - Seed Keeper - 4 Pocket Sheet Protectors (8.5 x 11' - For 3 Ring Binder) / Paper Plan","Paper Plan","$16.99","216","7","$3670","07/11/2022","$9.3","2","4.5","$7.69","18949","Office Products","B0B17M1LXZ","https://www.amazon.com/dp/B0B17M1LXZ"
"","","247","Dunwell Sheet Protectors for Comic Books - (25 Pack) Super Heavyweight 3-Hole Punched Fits Silver Age and Current Comics for Comic Book Collection and Storage Archival Quality Acid-Free Poly","Dunwell","$7.95","250","8","$1988","01/22/2022","...","71","4.8","","28080","Office Products","B09C5PZRD1","https://www.amazon.com/dp/B09C5PZRD1"
"","","248","540 Pockets Card Sleeves Binder Sheets Baseball Card Sleeves Pages for 3 Ring Binder 9 Pocket Page Protector for Trading Cards Sport Cards Coupon Game Cards Business Cards 30 Pages","GEAoffice","$6.79","583","19","$3959","06/03/2021","$2.7","311","4.8","$4.09","15825","Office Products","B096FF5QGM","https://www.amazon.com/dp/B096FF5QGM"
"","","249","Office Depot Top-Loading Sheet Protectors Standard Weight Clear Box Of 100 OD03035","Office Depot","$13.18","18","0","$237","09/12/2013","$6.06","33","4.6","$7.12","215274","Office Products","B00F63MSDI","https://www.amazon.com/dp/B00F63MSDI"
"","","250","Bibfolio Race Bib Display Vinyl Protector Sheets | Designed by Gone For a Run | 4 Pack (12 Vinyl Sheets/Pack) - 48 Sheets","Gone For a Run","$34.99","198","6","$6928","02/09/2013","$23.95","814","4.8","$11.04","37376","Office Products","B00BL4EAQ4","https://www.amazon.com/dp/B00BL4EAQ4"
"","","251","EnvyPak Sheet Protectors Color-Coded Edges 8.5 X 11-3 Hole Punched - Pack of 100 (Assorted) - 100% Made in The USA","EnvyPak","$20.99","42","1","$882","08/11/2016","$12.05","170","4.7","$8.94","124198","Office Products","B01KAG0KSU","https://www.amazon.com/dp/B01KAG0KSU"
"","","252","BCW Pro 2-Pocket Photo Pages - 50 ct","BCW","$11.48","212","7","$2434","04/26/2010","$4.62","503","4.7","$6.86","34543","Office Products","B003GMRUDY","https://www.amazon.com/dp/B003GMRUDY"
"","","253","Wilson Jones Super Heavy Weight Top-Loading Sheet Protectors Letter Size 50 Sleeves per Box Clear (W21400)","Wilson Jones","$18.79","12","0","$225","04/30/2008","$10.83","54","4.3","$7.96","126139","Office Products","B00015YR5I","https://www.amazon.com/dp/B00015YR5I"
"","","254","C-Line 62010 Colored Polypropylene Sheet Protector Assorted Colors 2-Inch 11 x 8 1/2 50/BX","C-Line","$20.12","18","0","$362","05/25/2012","$11.96","9","4.3","$8.16","78842","Office Products","B00A3YMYD4","https://www.amazon.com/dp/B00A3YMYD4"
"","","255","24 Pcs 4 Pocket Currency Pages Clear Currency Sleeves Dollar Bill Holder with 3 Holes Collecting Currency Sleeves Binder Plastic Sheet Protectors for Bill Collectors Receipts Record Card Banknote","CHENGU","$13.99","60","2","$839","04/25/2022","$8.82","5","4.7","$5.17","55867","Office Products","B09YV4W6QZ","https://www.amazon.com/dp/B09YV4W6QZ"
"","","256","StoreSMART - Clear Plastic Sheet Protector - 9' x 12' - for 3-Ring Binders - 10-Pack - SPT750-10","STORE SMART","$12.90","75","2","$968","10/01/2020","...","108","4.7","","72040","Office Products","B08KJF56TY","https://www.amazon.com/dp/B08KJF56TY"
"","","257","C-Line Top Loading Heavyweight Poly Sheet Protectors Clear Legal Size 14 x 8.5 Inches 50 per Box (62047)","C-Line","$23.49","12","0","$282","01/06/2007","$14.83","96","4.6","$8.66","152164","Office Products","B0006NI96I","https://www.amazon.com/dp/B0006NI96I"
"","","258","Charles Leonard Sheet Protectors Top Loading with Binder Holes 3.3 Mils Heavy Weight Letter Size Clear 100-Pack (48341)","Charles Leonard","$10.69","15","0","$160","01/03/2016","$3.3","5","4.8","$7.39","84456","Office Products","B001QOH0K2","https://www.amazon.com/dp/B001QOH0K2"
"","","259","Avery Quick-Load Sheet Protectors Top-Load Heavyweight Diamond Clear Polypropylene 8.5 x 11 Inches Pack of 10 (74084)","AVERY","$9.00","35","1","$315","07/05/2006","$4.73","169","4.5","$4.27","131964","Office Products","B000GAVDL4","https://www.amazon.com/dp/B000GAVDL4"
"","","260","Rubex Dry Erase Pockets Dry Erase Sleeves Plastic Sleeves Reusable Sheet Protectors Job Ticket Holders Assorted Colors Sheets Job - Classroom - School Supplies Oversized 10 x 13 Inches 10 Count","RUBEX","$9.99","120","4","$1199","07/06/2020","$5.42","211","4.7","$4.57","22780","Office Products","B08CJX3KJ6","https://www.amazon.com/dp/B08CJX3KJ6"
"","","261","C-Line 62097 Heavyweight Polypropylene Sheet Protector Clear 2-Inch 11 X 8 1/2 200/Bx","C-Line","$31.01","24","0","$744","05/28/2013","...","7","5","","111166","Office Products","B00D32GUB0","https://www.amazon.com/dp/B00D32GUB0"
"","","262","Landscape Sheet Protectors for Standard Size Paper 10 In a Set Crystal Clear Heavy Duty Horizontal Format.","LandscapeBinder-com","$14.99","66","2","$989","10/10/2017","$9.67","103","4.5","$5.32","62981","Office Products","B004FBQQ8U","https://www.amazon.com/dp/B004FBQQ8U"
"","","263","EnvyPak Page Protector - Holds 8.50 x 11.00 - Clear Top Loading Archival Safe - Pack of 100","EnvyPak","$17.99","15","0","$270","09/28/2015","$9.5","36","4.7","$8.49","159723","Office Products","B015Y6L1LQ","https://www.amazon.com/dp/B015Y6L1LQ"
"","","264","100 Clear Heavyweight Poly Sheet Protectors by Gold Seal 8.5' x 11'","GOLD SEAL","$14.99","119","3","$1784","05/20/2018","$7.6","1172","4.8","$7.39","59496","Office Products","B07D6WVR34","https://www.amazon.com/dp/B07D6WVR34"
"","","265","36 Pack 9 Pocket Trading Card Sleeves Page Clear Sheet Protector Baseball Pages for 3 Ring Binder Card Sheets for Standard Size Cards Pokemon Cards Coupon Sport Cards Game Cards Business Cards","Hutou","$6.49","84","2","$545","05/14/2021","$2.45","94","4.8","$4.04","57494","Office Products","B094ZNJVRX","https://www.amazon.com/dp/B094ZNJVRX"
"","","266","9 Pocket Page Protector Pack of 400 Displays 7200 Cards Fits 2/3/4 Ring Bindersfor Binder  ","SMELHA","$35.99","360","12","$12956","03/30/2022","$23.26","71","4.3","$12.73","18833","Office Products","B09RWFNXRC","https://www.amazon.com/dp/B09RWFNXRC"
"","","267","Panoramic Fold-Out Poly Sheet Protector Center Loading Clear 17 x 11 25/BX Sold as 1 Box","C-Line","$36.40","0","0","$0","12/03/2009","...","0","","","418858","Office Products","B0030C42J0","https://www.amazon.com/dp/B0030C42J0"
"","","268","Phyxin Plastic Presentation Book Portfolio Folder 40 Pockets File Folder Clear Sleeves Protectors Display Book Document Organizer for Music Sheets Artwork Drawing for School Office Business Blue","Phyxin","$12.99","150","5","$1949","04/18/2019","$7.97","440","4.3","$5.02","35838","Office Products","B07QW531G2","https://www.amazon.com/dp/B07QW531G2"
"","","269","Avery Mini Diamond Clear Heavyweight Sheet Protectors 5.5 x 8.5 inches Acid-Free Box of 50 (75201)","AVERY","$9.99","25","0","$250","04/17/2006","$4.72","173","4.8","$5.27","153988","Office Products","B0006HVCZO","https://www.amazon.com/dp/B0006HVCZO"
"","","270","Presentation Book 40 Clear Pockets Sleeves Protectors Art Portfolio Clear Book for Artwork Report Sheet Letter (Can Accommodate 14 X 11.2)","Vantasii","$13.99","786","26","$10996","03/22/2020","$6.75","2837","4.6","$7.24","13761","Office Products","B0868GKW9K","https://www.amazon.com/dp/B0868GKW9K"
"","","271","C-Line High-Capacity Top-Loading Sheet Protectors (CLI62020)","C-Line","$10.59","25","0","$265","12/01/2004","$5.41","82","4.6","$5.18","110999","Office Products","B0017OP45Y","https://www.amazon.com/dp/B0017OP45Y"
"","","272","900 Pockets Baseball Card Sleeves ABLY Double Side 9-Pocket Trading Card Binder Sleeves Page Protectors Sheet for Skylanders Pokemon Top Trumps for 3 Ring Binder(50 Pages)","ABLY","$12.99","1822","60","$23668","07/28/2019","$5.9","1990","4.8","$7.09","6747","Office Products","B07VSMP2YD","https://www.amazon.com/dp/B07VSMP2YD"
"","","273","Extra Wide Dividers for Sheet Protectors","exhibitindexes","$7.99","30","1","$240","09/18/2015","...","51","4.5","","85126","Office Products","B01B57QC8K","https://www.amazon.com/dp/B01B57QC8K"
"","","274","Alvin RF17 Archival Protective Sleeve Acid-Free - 14' x 17' Pack of 5","ALVIN","$17.99","30","1","$540","01/04/2009","$5.21","22","4.7","$12.78","106723","Office Products","B000HFEKSQ","https://www.amazon.com/dp/B000HFEKSQ"
"","","275","Staples 633188 Heavyweight Sheet Protectors Clear 50/Box (34749)","STAPLES","$11.60","0","0","$0","08/25/2016","$6.09","11","4.8","$5.51","260454","Office Products","B00MHUULFK","https://www.amazon.com/dp/B00MHUULFK"
"","","276","Stride EasyFit Color Bar Sheet Protectors 11' x 17' Landscape Orientation Box of 60 (61400)Multicolor","Stride","$34.21","30","1","$1026","12/03/2012","$19","188","4.4","$15.21","131267","Office Products","B00AHZNZ9Q","https://www.amazon.com/dp/B00AHZNZ9Q"
"","","277","Members Mark Heavy Duty Sheet Protectors- 250 ct. (Clear)","Members Mark","$21.53","18","0","$388","11/08/2017","...","44","4.9","","89152","Office Products","B0779KKYBJ","https://www.amazon.com/dp/B0779KKYBJ"
"","","278","200PCS Sheet Protectors 4C Thickness A4 Clear Document Folder 11 Hole Clear Heavy Duty Page Protectors Reinforced Fit for 3 Ring Binder Acid and PVC Free Page Protectors","Hviww","$18.99","0","0","$0","02/15/2022","...","0","","","623012","Office Products","B09TST377M","https://www.amazon.com/dp/B09TST377M"
"","","279","C-Line Side Loading Heavyweight Polypropylene Sheet Protector Clear 11 x 8-1/2 Inches Box of 50 (62313)","C-Line","$11.49","42","1","$483","12/01/2004","$4.63","173","4.7","$6.86","135344","Office Products","B000NO02RE","https://www.amazon.com/dp/B000NO02RE"
"","","280","Avery 74401 Sheet Protectors Hvyweight Nonglare 200/BX 11-Inch x8-1/2-InchCL","AVERY","$31.94","10","0","$319","01/28/2018","$20.42","10","4.8","$11.52","172081","Office Products","B078NBGK8L","https://www.amazon.com/dp/B078NBGK8L"
"","","281","EnvyPak Mini Recipe Card/Photo Page Protector - Holds 5 x 7 Inch Sheets - 3 Hole Punched - Pack of 50","EnvyPak","$16.99","30","1","$510","07/06/2016","...","40","4.4","","138386","Office Products","B01I46BOTW","https://www.amazon.com/dp/B01I46BOTW"
"","","282","Charles Leonard Sheet Protectors Top Loading with Binder Holes 2.4 Mils Standard Weight Non-Glare Letter Size Clear 50-Pack (48285)","Charles Leonard","$9.99","0","0","$0","02/11/2010","$3.35","0","","$6.64","305977","Office Products","B001QOH0JS","https://www.amazon.com/dp/B001QOH0JS"
"","","283","EcoSmart 8 KW Electric Tankless Water Heater 8 KW at 240 Volts with Patented Self Modulating Technology","EcoSmart","$259.00","155","5","$40145","05/22/2011","$212.82","476","4.4","$46.18","73005","Tools & Home Improvement","B00529DDUI","https://www.amazon.com/dp/B00529DDUI"
"","","284","20 Piece of Hard Rigid TOPLOADE 8.5 x 11 inch Memorabilia Photo Document Protector TopLoaders 8.5'x11' 20 Count Print Poster Protection Warehouse Visual Management","HOBBY & SUPPLY","$34.95","66","2","$2307","04/05/2022","$22.98","2","5","$11.97","55087","Office Products","B09XC29D99","https://www.amazon.com/dp/B09XC29D99"
"","","285","JAM PAPER Plastic Sleeves - Tabloid Size - 11 3/8 x 17 3/8 - Clear Project Pockets - 12 Page Protectors/Pack","JAM Paper","$21.95","48","1","$1054","07/24/2016","$13.52","37","4.6","$8.43","112416","Office Products","B01J26FR3C","https://www.amazon.com/dp/B01J26FR3C"
"","","286","Dunwell Binder with Plastic Sleeves 48-Pocket - Presentation Book 8.5x11 Displays 96 Pages (Black) Portfolio Folder with 8.5 x 11 Sheet Protectors Letter Size Display Book for Documents Artwork","Dunwell","$13.99","867","28","$12129","07/19/2020","$8.82","1055","4.7","$5.17","10383","Office Products","B088ZR4VZF","https://www.amazon.com/dp/B088ZR4VZF"
"","","287","Universal Top-Load Poly Sheet Protectors Economy Letter 100/Box (21130)","Universal","$11.94","12","0","$143","09/28/2016","$5.01","7","4.6","$6.93","210926","Office Products","B004GXP4W6","https://www.amazon.com/dp/B004GXP4W6"
"","","288","Samsill Photo Album Refills 5x7 - (100 Pack) for 400 Pictures Photo Sleeve Inserts Fit Standard 3-Ring Binder 2-Pocket Photo Page Holds 4 5 x 7 Photographs Recipe Cards Postcards Archival Safe","Samsill","$22.69","104","3","$2360","08/11/2020","$12.86","185","4.7","$9.83","64632","Office Products","B08FRQ9WXW","https://www.amazon.com/dp/B08FRQ9WXW"
"","","289","BCW 2-Pocket Clear Protective Pages Pocket Dimension 7-1/8' x 5-1/2' (50-Count)","BCW","$9.95","29","0","$289","11/18/2018","$3.32","413","4.7","$6.63","63740","Office Products","B07KPMMQR4","https://www.amazon.com/dp/B07KPMMQR4"
"","","290","TOTiyea 400 Pack Sheet Protectors 8.5 x 11 Inches Page Protectors for 3 Ring Binder Top Loading Paper Protector Letter Size Plastic Sleeves Standard Weight Acid-Free","TOTiyea","$17.88","18","0","$322","01/06/2021","$8.47","95","4.2","$9.41","193804","Office Products","B08SBZK2KY","https://www.amazon.com/dp/B08SBZK2KY"
"","","291","EnvyPak 20 Small Pocket Page Protectors - Ideal for Stamps and Coins - Archival Safe - Clear 3 Hole Punched Holds 2 x 2 Inch Inserts - Pack of 25","EnvyPak","$11.99","0","0","$0","05/20/2019","$5.05","0","","$6.94","254666","Office Products","B0B1GWX2M5","https://www.amazon.com/dp/B0B1GWX2M5"
"","","292","Sooez 30-Pocket Binder with Plastic Sleeves 8.5x11' Heavy Duty Art Portfolio Folder with Clear Sheet Protectors Display 60 Pages Presentation Book for Artwork Document Organizer Binder - 4 Pack","Sooez","$27.99","2958","98","$82794","06/18/2021","$18","853","4.7","$9.99","2885","Office Products","B097JT3RK7","https://www.amazon.com/dp/B097JT3RK7"
"","","293","Avery 74400 Sheet Protector Hvyweight11-Inch x8-1/2-Inch 200/BX Clear","AVERY","$29.12","0","0","$0","07/14/2017","$18.02","4","5","$11.10","192100","Office Products","B073XZRTKZ","https://www.amazon.com/dp/B073XZRTKZ"
"","","294","NUOBESTY 100pcs Sheet Protectors A4 Clear Page Protectors for 11 Ring Binder Paper Report Cover (Thicker 8C for Important Document)","NUOBESTY","$11.99","0","0","$0","02/23/2020","$5.05","1","5","$6.94","287565","Office Products","B0852XT1LP","https://www.amazon.com/dp/B0852XT1LP"
"","","295","Sheet Protectors 8.5 x 11 Inches Crystal Clear Page Protectors for 3 Ring Binder Medium Weight Plastic Sleeves Top Loading Paper Protector Acid Free Letter Size Dry Erase Pocket 500 Sheets","VST","$22.99","0","0","$0","12/26/2021","$12.21","9","4.5","$10.78","244894","Office Products","B09CYKMFDF","https://www.amazon.com/dp/B09CYKMFDF"
"","","296","StoreSMART - Plastic Sheet Protectors 25-Pack - 6 1/8' x 9 ' - Open Short Side - RPT577-25","STORE SMART","$22.50","12","0","$270","01/15/2019","...","13","4.3","","166576","Office Products","B07MVMPSGT","https://www.amazon.com/dp/B07MVMPSGT"
"","","297","11 x 17 Sheet Protectors Landscape View 25 Pack Side Loading Protect Store and Display 11X17 Paper Photographs Prints and Documents","Performore","$19.97","39","1","$779","10/31/2017","$6.89","109","4.6","$13.08","108771","Office Products","B075ZXYRQ7","https://www.amazon.com/dp/B075ZXYRQ7"
"","","298","ASA 7-Ring Approach Plate Sheet Protectors asa-ap-sp-7rng","ASA","$9.33","77","2","$718","06/11/2010","$5.01","156","4.7","$4.32","77664","Office Products","B003RJX9T0","https://www.amazon.com/dp/B003RJX9T0"
"","","299","StoreSMART - Sheet Protector - Holes on Short Side Open Short Side - 10-Pack - 8 1/2' x 11' - Clear Vinyl Plastic - VH1430-10","STORE SMART","$25.99","18","0","$468","03/07/2019","...","13","4.3","","105036","Office Products","B07PK82CH8","https://www.amazon.com/dp/B07PK82CH8"
"","","300","Double-Sided 1800 Pockets Trading Card Sleeves Pages KangNa 9 Pocket Card Pages Protectors Collectors Fit 3 Ring Binder for Pokemon Trading Baseball Game Business Cards and More 100 Pages","KangNa","$14.39","864","28","$12433","04/01/2020","$6.44","1083","4.7","$7.95","5891","Office Products","B086PT6WDN","https://www.amazon.com/dp/B086PT6WDN"
"","","301","200 Count Textured Sheet Protectors by Better Office Products 8.5 x 11' Textured for Added Anti Glare Extra Privacy and Easier Handling Top Load 200 Pack","Better Office Products","$12.99","12","0","$156","03/08/2020","$5.25","152","4.4","$7.74","186614","Office Products","B085Q2J4B5","https://www.amazon.com/dp/B085Q2J4B5"
"","","302","250 Sheet Heavy Duty Clear Page Protectors 8.5'x11' for 3 Ring Binder Plastic Sleeves Durable Top Loading Paper with Reinforced Holes Archival Safe","Officewerks","$17.99","30","1","$540","03/19/2018","$8.56","28","3.9","$9.43","78448","Office Products","B07C8R5Y2H","https://www.amazon.com/dp/B07C8R5Y2H"
"","","303","C-Line Heavyweight Polypropylene Sheet Protectors 8.5 x 11 Inches Clear 50 per Box (62013)","C-Line","$12.64","0","0","$0","12/01/2004","$5.6","25","4.7","$7.04","272376","Office Products","B0006NNGKW","https://www.amazon.com/dp/B0006NNGKW"
"","","304","BESPORTBLE 100Pcs Clear Sheet Protectors 30 Holes Inner Paper File Binder Sleeves Pouch A4 Binder Pocket Protector Replacement for Home Office School","BESPORTBLE","$33.19","0","0","$0","11/04/2021","$23.07","1","5","$10.12","250138","Office Products","B09L4DB4TY","https://www.amazon.com/dp/B09L4DB4TY"
"","","305","Currency Sleeves50Pcs Page Protectors for 3 Ring Binder 3-Pocket Banknote Sleeves 8.5 x 11 Dollar Bill Holder for Collectors Paper Sleeves for Currency Holder Banknotes Album Money Binder","tutata","$9.99","96","3","$959","09/09/2021","$5.42","67","4.7","$4.57","54193","Office Products","B09FF3NDQC","https://www.amazon.com/dp/B09FF3NDQC"