"Export time: 8/6/2022, 9:02:34 PM","","#","Product Name","Brand","Price","Mo. Sales","D. Sales","Mo. Revenue","Date First Available","Net","Rating Number","Rating","Fees","Rank","Category","ASIN","Link"
"Search Term: eco friendly pencils","","1","BAZIC Recycled Pencil Newspaper Pencils100% Wood Free Pre-sharpened 2 HB Latex Free Eraser Non Toxic Graphite Paper Pencils (10/Pack) 2-Packs","BAZIC Products","$8.49","70","2","$594","09/09/2020","...","26","4.7","","42380","Office Products","B08HSPYT1T","https://www.amazon.com/dp/B08HSPYT1T"
"Average Sales: 2,385","","2","BIC Ecolutions Xtra-Life Mechanical Pencil Medium Point (0.7mm) 24-Count assorted (MPEP241-Blk)","BIC","$12.24","128","4","$1567","01/14/2010","$6.86","564","4.7","$5.38","34962","Office Products","B00347A970","https://www.amazon.com/dp/B00347A970"
"Average Sales Rank: 100,444","","3","BIC ReVolution 2 Mechanical Pencil 65% Recycled Plastic Medium Point (0.7 mm) 100% Recycled Packaging 48 Count Pack","BIC","$12.35","1603","53","$19797","01/10/2022","$6.73","112","4.8","$5.62","25231","Office Products","B09Q7MXYB2","https://www.amazon.com/dp/B09Q7MXYB2"
"Average Price: $16.60","","4","ECOTREE Eco-friendly Wood & Plastic Free Rainbow Recycled Paper 2 HB Pencils For School and Office Supplies Pre-sharpened12-Pack","ECOTREE","$11.89","5758","191","$68463","07/27/2021","$6.57","602","4.7","$5.32","170","Office Products","B095P6RQR6","https://www.amazon.com/dp/B095P6RQR6"
"Average Rating Number: 1,840","","5","Recycled paper Pencils colored lead (Pack of 12) - 100% Eco Friendly Earth Friendly Pre-sharpened Pencil Non toxic Wood free Coloring Pencils","Three Leaf Pens & Paper","$6.99","45","1","$315","07/22/2019","$2.4","68","4.5","$4.59","57018","Office Products","B07VM7GHQG","https://www.amazon.com/dp/B07VM7GHQG"
"","","6","Ainiv 20 PCS Inkless Magic Pencil Everlasting Pencil Eternal with Macaron Eraser Infinity Reusable Pencil for Writing Drawing with Extra 20 ErasersCute Morandi Pencils Home Office School Supplies","Ainiv","$12.99","42","1","$546","03/18/2022","$7.97","2","3.5","$5.02","60327","Office Products","B09VZ8H453","https://www.amazon.com/dp/B09VZ8H453"
"","","7","Eco Highlighter Pencils - Set of 6 Jumbo Size Neon Colors - Will Not Bleed or Dry Out","Stubby Pencil Studio","$18.99","51","1","$968","10/17/2015","$13.22","118","4.6","$5.77","64975","Office Products","B017135D00","https://www.amazon.com/dp/B017135D00"
"","","8","Ticonderoga Renew Wood-Cased Pencils 2 HB Soft Natural 10 Count (X96110)","Ticonderoga","$3.09","2263","75","$6993","09/28/2016","$-0.29","296","4.8","$3.38","6954","Office Products","B00J0FUMI6","https://www.amazon.com/dp/B00J0FUMI6"
"","","9","Recycled News Papers Plant able Color Pencils Made From Recycled Newspapers Eco Friendly 10 Pack","TREEWISE","$14.99","12","0","$180","01/20/2020","$9.82","6","4.3","$5.17","139202","Office Products","B0842KMQNJ","https://www.amazon.com/dp/B0842KMQNJ"
"","","10","Sprout Pencils | Original Edition | Graphite Plantable Pencils with Flower Herb & Vegetable Seeds | Eco-Friendly Organic Wood | Prime Sustainable Gift Ideal for Drawing Sketching & Shading | 8 Pack","Sprout","$15.99","123","4","$1967","01/17/2018","$10.67","476","4.6","$5.32","50130","Office Products","B07932F8M8","https://www.amazon.com/dp/B07932F8M8"
"","","11","TICONDEROGA Envirostik Natural Wood Pencils Wood-Cased 2 HB Soft Natural 12-Pack (96212) Woodgrain","Ticonderoga","$5.89","966","32","$5690","04/17/2006","$2.09","788","4.7","$3.80","4375","Office Products","B001UXMBC6","https://www.amazon.com/dp/B001UXMBC6"
"","","12","BAZIC Recycled Pencil Newspaper Pencils100% Wood Free Pre-sharpened 2 HB Latex Free Eraser Non Toxic Graphite Paper Pencils (10/Pack) 1-Pack","BAZIC Products","$5.99","70","2","$419","09/09/2020","...","26","4.7","","42380","Office Products","B08HSQ6KDM","https://www.amazon.com/dp/B08HSQ6KDM"
"","","13","Onyx and Green 3-Pack Erasers with Sleeve Recycled Rubber (2202)","Onyx and Green","$7.99","75","2","$599","11/09/2011","$3.87","54","4.6","$4.12","37612","Office Products","B00OKR6SLO","https://www.amazon.com/dp/B00OKR6SLO"
"","","14","U Brands U-ecoSpeckled Hex Mechanical Pencils 12 Count 3139U01-24","U Brands","$14.69","138","4","$2027","10/01/2020","$8.95","13","4.2","$5.74","31263","Office Products","B08LP13FSB","https://www.amazon.com/dp/B08LP13FSB"
"","","15","Sprout Pencils | Special Mix Edition | Colored & Graphite Plantable Pencils with Flower Herb & Vegetable Seeds | Eco-Friendly Organic Wood | Prime Sustainable Gift Ideal for Coloring Books | 8 Pack","Sprout","$15.99","57","1","$911","01/08/2018","$10.67","282","4.5","$5.32","44884","Office Products","B078WS8SXK","https://www.amazon.com/dp/B078WS8SXK"
"","","16","Faber-Castell Grip Colored EcoPencils - 24 Pack Colored Pencils Pre-Sharpened","Faber-Castell","$13.00","450","15","$5850","10/09/2005","$7.98","491","4.8","$5.02","11693","Office Products","B001CTXYEM","https://www.amazon.com/dp/B001CTXYEM"
"","","17","Sprout Pencils | Spread the Love Edition | Graphite Plantable Pencils with Flower Herb & Vegetable Seeds | Eco-Friendly Organic Wood | Prime Sustainable Gift with Heart-Warming Quotes | 5 Pack","Sprout","$11.99","83","2","$995","10/03/2018","$7.27","1266","4.7","$4.72","57824","Office Products","B07J1XF29K","https://www.amazon.com/dp/B07J1XF29K"
"","","18","Sprout Pencils | Happy Bee Edition | Graphite Plantable Pencils with Bee-friendly Flower Herb & Vegetable Seeds | Eco-Friendly Organic Wood | Prime Sustainable Gift with Inspirational Quotes | 5 Pack","Sprout","$11.99","90","3","$1079","05/25/2021","$7.27","407","4.6","$4.72","47913","Office Products","B095WR87L9","https://www.amazon.com/dp/B095WR87L9"
"","","19","Sprout Pencils | Plant a Tree Edition | Graphite Plantable Pencils with Spruce Tree Seeds | Eco-Friendly Organic Wood | Prime Sustainable Gift Engraved with Inspirational Quotes | 5 Pack","Sprout","$9.99","45","1","$450","12/10/2020","$5.57","71","4.7","$4.42","61059","Office Products","B08QCY8WGN","https://www.amazon.com/dp/B08QCY8WGN"
"","","20","Sprout | Teacher's Edition | Graphite Plantable Pencils with Flower Herb & Vegetable Seeds | Eco-Friendly Organic Wood | Prime Sustainable Gift for Teachers Creative Kids & School Students | 32 Pack","Sprout","$49.99","44","1","$2200","07/01/2018","$38.95","77","4.5","$11.04","103096","Office Products","B07F6G3757","https://www.amazon.com/dp/B07F6G3757"
"","","21","Onyx and Green 24 Pack of Colored Pencils Pre-Sharpened Made from Recycled Newspaper (8002)","Onyx and Green","$18.68","0","0","$0","03/30/2017","$12.81","30","4","$5.87","206103","Office Products","B072HGFV8C","https://www.amazon.com/dp/B072HGFV8C"
"","","22","Xeno Natural Bamboo Body Mechanical Pencil with Leads Eraser SET 0.5mm HB B Pb Free Chrome Plating","Xeno","$10.99","0","0","$0","05/31/2020","$5.8","3","3.6","$5.19","278115","Office Products","B089G7XLF7","https://www.amazon.com/dp/B089G7XLF7"
"","","23","2B Pencil 50-Pack Bundle Natural Wooden Hexagonal Pencils in a Bucket Smooth Writing for Computer Scoring Exams Schools Offices Drawing Sketching","GHKJOK","$11.49","230","7","$2643","03/23/2020","$6.7","65","4.6","$4.79","25733","Office Products","B08698HSHL","https://www.amazon.com/dp/B08698HSHL"
"","","24","Sprout Pencils | Mindful Thoughts Edition | Graphite Plantable Pencils with Flower Herb & Vegetable Seeds | Eco-Friendly Organic Wood | Prime Sustainable Gift with Inspirational Quotes | 5 Pack","Sprout","$11.99","92","3","$1103","06/17/2018","$7.27","1441","4.7","$4.72","43952","Office Products","B07DTKFQG9","https://www.amazon.com/dp/B07DTKFQG9"
"","","25","Onyx and Green 2-Pack Mechanical Pencils HB 0.5 mm Bamboo/Recycled Plastic (1404)","Onyx and Green","$9.51","0","0","$0","09/29/2014","$5.16","11","3.6","$4.35","266666","Office Products","B00NMU571M","https://www.amazon.com/dp/B00NMU571M"
"","","26","The CREATOR - PLANTABLE Pens One pen reduces 6g of plastic added to the environment Eco Friendly Go Green - Save Earth Give a gift that speaks to the Heart Pack of (12)","Eco Friendly","$17.60","75","2","$1320","07/10/2021","$11.42","14","4.6","$6.18","59629","Office Products","B0994TNYT4","https://www.amazon.com/dp/B0994TNYT4"
"","","27","Arteza School Pencils HB 2 Pack of 96 Wood-Cased Graphite Pencils in Bulk Pre-Sharpened with Erasers Office & School Supplies for Exams and Classrooms","ARTEZA","$19.99","6520","217","$130335","09/04/2017","$11.85","5021","4.8","$8.14","230","Office Products","B076H8WK7W","https://www.amazon.com/dp/B076H8WK7W"
"","","28","ThEast 30 Pieces Rainbow Colored Pencils 4 Color in 1 Pencils for Kids Assorted Colors for Drawing Coloring Sketching Pencils For Drawing Stationery Bulk Pre-sharpenedSimple Box Packaging","ThEast","$9.99","1541","51","$15395","02/28/2017","$4.95","1808","4.7","$5.04","6411","Office Products","B07HJ379FW","https://www.amazon.com/dp/B07HJ379FW"
"","","29","Eco Friendly earthbound CREATIONS Eco friendly Wood & Plastic Free Handmade Rainbow Recycled Paper 2 HB Pencils For School and Office Supplies","Eco Friendly","$5.50","0","0","$0","02/03/2022","...","0","","","310431","Office Products","B09RT9X61P","https://www.amazon.com/dp/B09RT9X61P"
"","","30","Koala Tools | Bear Claw Pencils (pack of 6) - Fat Thick Strong Triangular Grip Graphite 2B Lead with Eraser - Suitable for Kids Art Drawing Drafting Sketching & Shading","KOALA TOOLS","$11.97","1788","59","$21402","05/25/2016","$7.25","2483","4.8","$4.72","2995","Office Products","B01G7R0D5Q","https://www.amazon.com/dp/B01G7R0D5Q"
"","","31","Agile Eco Friendly Pens (Pack of 50) - Plastic Free Eco Pens Sustainably made from Kraft Paper & Steel - Eco Friendly Gifts & Sustainable Gifts - Eco Friendly Products from - Agile Home and Garden","Agile Home and Garden","$24.99","69","2","$1724","12/21/2021","$17.47","112","4.7","$7.52","50609","Office Products","B08FV9TY4K","https://www.amazon.com/dp/B08FV9TY4K"
"","","32","12 Pcs Highlighter Pencils Bright Dry Neon Colored Wooden Highlighters Assorted Colors for Writing Drawing Sketching Inkjet Paper Copy Fax 6 Colors Includes 2 Pcs Pencil Sharpeners","Sabary","$11.99","30","1","$360","04/25/2022","$7.27","0","","$4.72","92620","Office Products","B09YV98YT2","https://www.amazon.com/dp/B09YV98YT2"
"","","33","Zog Kraft Paper Barrel Writing PenEco-Friendly PensBallpoint Pen 1.0mm Fine Point PenBlack Ink 10pcs (Black)","Zog","$7.99","60","2","$479","04/27/2020","$3.87","68","4.5","$4.12","63765","Office Products","B087R9VGQR","https://www.amazon.com/dp/B087R9VGQR"
"","","34","Pencils 2 HB Pre-sharpened Pencils with Eraser Cute Pencils Graphite Pencils Sketch Pencils Birthday Pencils Wood-Cased Pencils Gifts Pencils for Kids Adults School Office 12 Pack (Pink & Yellow)","ECOTREE","$10.99","3395","113","$37311","02/23/2022","$6.42","85","4.6","$4.57","1489","Office Products","B09S5WF79D","https://www.amazon.com/dp/B09S5WF79D"
"","","35","24 Pieces Rainbow Paper Pencils Eco-friendly Paper Pencils Set Pre-Sharpened 2 HB Pencils with Eraser 4 Colors Paper Pencils for School and Office Supplies","Droutti","$13.99","23","0","$322","10/07/2021","$8.82","8","4.6","$5.17","101941","Office Products","B09J11QL9N","https://www.amazon.com/dp/B09J11QL9N"
"","","36","TICONDEROGA Pencils Wood-Cased Pre-Sharpened Graphite 2 HB Soft Yellow 30-Pack (X13830)","Dixon Ticonderoga","$6.29","64566","2152","$406120","03/29/2011","$1.58","34077","4.8","$4.71","1","Office Products","B006CSPZK4","https://www.amazon.com/dp/B006CSPZK4"
"","","37","BIC Xtra-Precision Mechanical Pencils With Erasers Fine Point (0.5mm) 24-Count Pack Mechanical Drafting Pencil Set","BIC","$3.94","20581","686","$81089","01/01/2007","$-0.19","20977","4.8","$4.13","112","Office Products","B001CDEUBO","https://www.amazon.com/dp/B001CDEUBO"
"","","38","Pencils 2 HB Pencils Pre-sharpened Pencils Number 2 Pencils Rainbow Pencils Recycled Pencils Eco Pencils with Erasers 12 Pack","ECOTREE","$14.99","3558","118","$53334","12/05/2021","$9.82","174","4.8","$5.17","1028","Office Products","B09MLDBL44","https://www.amazon.com/dp/B09MLDBL44"
"","","39","BIC Velocity Side Clic Mechanical Pencil Medium Point (0.7mm) Black Soft Comfortable Grip 12-Count","BIC","$14.09","15","0","$211","11/03/2016","$8.44","91","4.5","$5.65","135346","Office Products","B01M7YH6M1","https://www.amazon.com/dp/B01M7YH6M1"
"","","40","40 Pieces Scented Pencils Welcome Back to School Pencils HB Pencils Graphite Pencil Cylinder Wood Pencils with Fruit Elements for School Stationery Party Reward Supplies 10 Styles (Fruit Style)","Outus","$12.99","400","13","$5196","05/24/2021","$7.97","137","4","$5.02","10501","Office Products","B095SC3DVF","https://www.amazon.com/dp/B095SC3DVF"
"","","41","Deli 36 Pack Colored Pencils with Built-in Sharpener in Tube Cap Vibrant Color Presharpened Pencils for School Kids Teachers Soft Core Art Drawing Pencils for Coloring Sketching and Painting","Leven","$10.39","5642","188","$58620","09/22/2020","$5.06","2841","4.6","$5.33","699","Office Products","B08RBQYDWT","https://www.amazon.com/dp/B08RBQYDWT"
"","","42","Bamboo Retractable Ballpoint Pen(12 pack)Black ink 1mm Sustainable Pens for Journaling Writing Office Supplies Eco Friendly Products Set Pens","JINFUSI","$9.99","104","3","$1039","06/09/2021","$4.95","237","4.4","$5.04","46699","Office Products","B08Z7J3ZJV","https://www.amazon.com/dp/B08Z7J3ZJV"
"","","43","BIC Mechanical Pencil Variety Pack Number 2 Mechanical Pencils With Erasers Fine Point (0.5mm) Medium Point (0.7mm) and Thick Point (0.9mm) 60 Count Bulk Mechanical Pencils for School or Work","BIC","$10.39","8194","273","$85136","10/27/2018","$4.31","11296","4.8","$6.08","348","Office Products","B07JM8HF56","https://www.amazon.com/dp/B07JM8HF56"
"","","44","Agile Eco Friendly Pens (Pack of 24) - Plastic Free Eco Pens Sustainably made from Kraft Paper & Steel - Eco Friendly Gifts & Sustainable Gifts - Eco Friendly Products from - Agile Home and Garden","Agile Home and Garden","$11.99","146","4","$1751","03/12/2020","$7.27","427","4.6","$4.72","54150","Office Products","B085WBZRHQ","https://www.amazon.com/dp/B085WBZRHQ"
"","","45","Mammoth Jumbo Pencils for Preschoolers Toddlers Kids & Adults - 12 Pack - Fat Barrel Big Grip Easy to Hold and Write - Cedar Graphite Core Natural Finish Sharpened Made in USA","America Standards","$9.99","257","8","$2567","04/22/2021","$4.95","114","4.6","$5.04","26418","Office Products","B093CNQ8V2","https://www.amazon.com/dp/B093CNQ8V2"
"","","46","12 Pack Cool Pencils for KidsRainbow Pencils 2 HB Pencils For SchoolOffice Eco-friendly Wood & PlasticPre-sharpened Pencils for Kids (Rainbow pencils)","Xlong","$9.99","75","2","$749","03/24/2022","$5.57","28","3.7","$4.42","49648","Office Products","B09WH4Y1L2","https://www.amazon.com/dp/B09WH4Y1L2"
"","","47","6 Sets Inkless Everlasting Pencil Infinity Magic Pencil with Eraser Sustainable and Tree-Friendly Cute Forever Pencil for Kids Writing Drawing (6 Pencils + 6 Erasers + 6 Replacement Pen Tips)","WOODZI","$13.99","42","1","$588","02/19/2022","$8.35","10","4.5","$5.64","133893","Office Products","B09SXTK81N","https://www.amazon.com/dp/B09SXTK81N"
"","","48","Eco Highlighter Pencils - Set of 5 Colors - Will Not Bleed or Dry Out","Stubby Pencil Studio","$16.99","4","0","$68","03/26/2013","$11.52","54","4.5","$5.47","196172","Office Products","B00K6NRRBG","https://www.amazon.com/dp/B00K6NRRBG"
"","","49","20 Pcs Inspirational Pencils Compliment Pencils with Motivational Sayings 2 Pencils Back to School Pencils Cute Fun Pencils for Kids Girls Student Teacher (Bright ColorCompliment Style)","Spakon","$9.56","168","5","$1606","10/18/2021","$5.21","43","4.7","$4.35","23025","Office Products","B09JRXV97W","https://www.amazon.com/dp/B09JRXV97W"
"","","50","24 Pieces Rainbow Paper Pencils Pre-Sharpened Pencils Friendly Pencils Rainbow HB Pencils White Barrel Graphite Pencils for Teachers Students Office Writing Drawing Sketching","Outus","$9.99","191","6","$1908","09/24/2021","$5.42","42","3.6","$4.57","15385","Office Products","B09H417NZ5","https://www.amazon.com/dp/B09H417NZ5"
"","","51","Eco-friendly wooden ballpoint pen pencil set natural log color walnut wood maple bamboo wood cork suitable for administrative business office supplies with gift box-Kailong (style12)","Kailong","$7.99","125","4","$999","06/02/2021","$3.87","139","4.4","$4.12","45097","Office Products","B0925Q6RHC","https://www.amazon.com/dp/B0925Q6RHC"
"","","52","Staedtler Textsurfer Dry Highlighter Pencil 128 64 Drawing for Writing Sketching Inkjetpapercopyfax(pack of 4) (Yellow 4 Pencils)","STAEDTLER","$8.25","72","2","$594","03/09/2015","$4.09","200","4.5","$4.16","50878","Office Products","B00UHJJGVI","https://www.amazon.com/dp/B00UHJJGVI"
"","","53","Ainiv 32PCS Eco-friendly Wood & Plastic Free Recycled Rainbow Paper Pencils 2 HB Pencils Number 2 Pencils Erasers Toppers with Pencil Sharpener Macaron Colored Pencils for School and Office Supplies","Ainiv","$19.99","48","1","$960","04/17/2022","$13.22","0","","$6.77","41650","Office Products","B09Y666SY5","https://www.amazon.com/dp/B09Y666SY5"
"","","54","42 Pieces Scented Pencils Fun Pencil with Eraser Cartoon Pencil Toppers Fruit Pencil Toppers with Pencil Toppers Lovely Wood Pencil with Fruit Element Graphite Pencil","Leinuosen","$17.99","210","7","$3778","04/13/2022","$11.52","3","3.5","$6.47","20409","Office Products","B09XX7QH2T","https://www.amazon.com/dp/B09XX7QH2T"
"","","55","BIC Xtra-Sparkle Mechanical Pencil Medium Point (0.7 mm) 24-Count Refillable Design for Long-Lasting Use","BIC","$6.49","11579","385","$75148","02/29/2008","$1.98","34164","4.8","$4.51","162","Office Products","B0007L1VLO","https://www.amazon.com/dp/B0007L1VLO"
"","","56","Environmentally Friendly Wooden Pencils (30 Pcs Per Barrel) Triangular Grip Pen Design Graphite HB Lead Core with Eraser Suitable for Children and Adults to Write Sketches and Paint","DMXM","$12.99","150","5","$1949","05/22/2021","$7.27","56","4.5","$5.72","36185","Office Products","B0915M3WMY","https://www.amazon.com/dp/B0915M3WMY"
"","","57","GANSSIA Colorful Series Design 0.7mm Mechanical Pencils Pack of 8 Pcs","GANSSIA","$9.99","619","20","$6184","08/08/2016","$5.57","1270","4.5","$4.42","6496","Office Products","B01K1SBKVS","https://www.amazon.com/dp/B01K1SBKVS"
"","","58","Dixon Ticonderoga Wood-Cased 2 Pencils Box of 24 Black (13926)","Ticonderoga","$8.59","7811","260","$67096","06/21/2017","$3.76","10833","4.8","$4.83","320","Office Products","B004X4KRPM","https://www.amazon.com/dp/B004X4KRPM"
"","","59","Graphite Smencils Cylinder - HB 2 Scented Pencils 50 Count Gifts for Kids Party Favors Classroom Rewards","Scentco","$79.99","292","9","$23357","04/04/2016","$62.2","284","4.7","$17.79","26212","Office Products","B00G70XDKG","https://www.amazon.com/dp/B00G70XDKG"
"","","60","60 Pcs Inspirational Pencils Personalized Pencils with Name Cute Pencils Motivational Pencils for Student Color Changing Mood Pencils Heat Activated Pencils for Kids School (Multicolor)","Gersoniel","$19.99","250","8","$4998","12/12/2021","$13.4","19","4.4","$6.59","15611","Office Products","B09NHQL5V9","https://www.amazon.com/dp/B09NHQL5V9"
"","","61","G.T. Luscombe Company Inc. Bible Dry Highlighting Kit | No Bleed Eco-Friendly Refillable Dry Highlighters | No Sharpening | No Smearing or Fading | Vibrant Colors Yellow Blue Pink Green (Set of 4)","G.T. Luscombe Company Inc","$12.99","456","15","$5923","02/28/2010","$8.12","1508","4.6","$4.87","21059","Office Products","B003AHIK7U","https://www.amazon.com/dp/B003AHIK7U"
"","","62","Etmact 50 Pack Assorted Colorful Cartoon Animal Pencil With Eraser Novelty Dot & Stripe Giant Eraser Topper Kids Pencils Kid Pencils Pencil With Eraser Animal Pens Pencils Bulk For Kids Animal Pencill","Etmact","$13.99","1126","37","$15753","11/01/2017","$8.35","634","4.4","$5.64","5529","Office Products","B07748L3GG","https://www.amazon.com/dp/B07748L3GG"
"","","63","Elfwoods 12 Colored Pencils Pack of 6 Eco-Friendly Colored Pencils for Kids Assorted Colors for Coloring and Drawing 72 Count","elfwoods","$15.00","30","1","$450","04/29/2021","$7.61","4","4.7","$7.39","86666","Office Products","B093WPLJPB","https://www.amazon.com/dp/B093WPLJPB"
"","","64","Ticonderoga Pencils Wood-Cased Graphite 2 HB Soft Yellow 12-Pack (13882)","Ticonderoga","$2.49","35826","1194","$89207","12/18/2008","$-0.8","11148","4.8","$3.29","64","Office Products","B001AZ1D3C","https://www.amazon.com/dp/B001AZ1D3C"
"","","65","finenolo 72 Pack Colored Pencils for Adult Coloring Books Soft Core Art Drawing Pencils for Artists Kids Beginners Coloring Pencils Set with Built-in Sharpener for Coloring Sketching and Painting","finenolo","$15.99","260","8","$4157","03/16/2022","$9.07","9","4.7","$6.92","12420","Office Products","B09VSR9Z1P","https://www.amazon.com/dp/B09VSR9Z1P"
"","","66","Short Jumbo Pencils for Kids Preschoolers Kindergarten Toddlers & Beginners - 12 Fat Pencils and 1 Sharpener & Eraser Pencils 2 Triangle Grip Big Pencils Kids Pencils (Color DIY)","Pencil Buddies","$7.99","294","9","$2349","02/24/2022","$3.87","46","4.5","$4.12","19539","Office Products","B09M2MLMJR","https://www.amazon.com/dp/B09M2MLMJR"
"","","67","Cute Pencils for Kids Fun Pencil with Erasers Toppers Woodcased 2 Pencils for School Classroom(12 Pack)","BUSHIBU","$7.99","1136","37","$9077","09/15/2016","$3.02","927","4.4","$4.97","4287","Office Products","B07544TX37","https://www.amazon.com/dp/B07544TX37"
"","","68","Greenica Dreams Black Plantable seed Pencils| Eco Friendly| Drawing| Writing| Gifting (Pack of of 200)","Greenica Dreams","$72.00","0","0","$0","07/24/2022","...","0","","","430114","Office Products","B0B6CWKZDH","https://www.amazon.com/dp/B0B6CWKZDH"
"","","69","Eco newspaper pencil-120 pieces(1 Pack) 2B made from 100% recycled newspaper pencil for writing/drawing/design for office/schools","Ecopencils","$52.99","0","0","$0","12/30/2019","$39.25","2","4.6","$13.74","230314","Office Products","B083BYF268","https://www.amazon.com/dp/B083BYF268"
"","","70","Madisi Assorted Colorful Pencils Incentive Pencils2 HB 10 Designs 150 Pack pencils bulk for kids","Madisi","$19.99","995","33","$19890","09/17/2018","$11.85","898","4.8","$8.14","5753","Office Products","B07HGPXPK5","https://www.amazon.com/dp/B07HGPXPK5"
"","","71","BIC Xtra-Smooth Mechanical Pencils With Erasers Medium Point (0.7mm) 40-Count Pack Bulk Mechanical Pencils for School or Office Supplies","BIC","$6.24","46149","1538","$287970","08/04/2016","$1.53","27853","4.8","$4.71","18","Office Products","B01JHMVG5O","https://www.amazon.com/dp/B01JHMVG5O"
"","","72","TICONDEROGA Pencils Wood-Cased Pre-Sharpened 2 HB Soft Yellow 10 Count (X33892)","Ticonderoga","$8.60","43616","1453","$375098","06/20/2007","$4.39","21794","4.8","$4.21","27","Office Products","B002HVXXCW","https://www.amazon.com/dp/B002HVXXCW"
"","","73","KUTSUWA Hi LiNE Highlighter Pencil 4 brilliant fluorescent colors/set 1 Set Yellow green Pink Orange (PA001)","KUTSUWA","$11.14","23","0","$256","10/22/2017","$6.55","83","4.4","$4.59","83241","Office Products","B01N90W473","https://www.amazon.com/dp/B01N90W473"
"","","74","Pentel Twist-Erase III Mechanical Pencils 0.7mm Assorted Barrel Colors Pack Of 2 Pencils","Pentel","$10.89","5817","193","$63347","09/30/2010","$6.34","10337","4.8","$4.55","1228","Office Products","B002JG10GG","https://www.amazon.com/dp/B002JG10GG"
"","","75","Sharpie S-Gel Gel Pens Medium Point (0.7mm) Pearl White Body Black Gel Ink Pens 12 Count","SHARPIE","$12.99","13051","435","$169532","08/31/2020","$8.12","7117","4.8","$4.87","259","Office Products","B08BX5THHP","https://www.amazon.com/dp/B08BX5THHP"
"","","76","Half Pencils with Eraser - Golf Classroom Pew Short Mini - Hexagon Sharpened Non Toxic 2 Pencil Color - Natural (Box of 48) Golf Pocket Pencils","Express Pencils","$10.89","218","7","$2374","05/26/2014","$5.49","386","4.8","$5.40","27546","Office Products","B00ZPW8Y9M","https://www.amazon.com/dp/B00ZPW8Y9M"
"","","77","Scentco Graphite Smencils 5-Pack of HB 2 Scented Pencils","Scentco","$8.99","1452","48","$13053","05/15/2014","$4.72","3761","4.8","$4.27","5245","Office Products","B00NAFDIOM","https://www.amazon.com/dp/B00NAFDIOM"
"","","78","BIC Xtra-Strong Thick Lead Mechanical Pencil With Colorful Barrel Thick Point (0.9mm) 24-Count Pack Mechanical Pencils With Erasers (Packaging May Vary)","BIC","$3.94","31409","1046","$123751","01/01/2007","$-0.19","14808","4.8","$4.13","13","Office Products","B001CD9RRG","https://www.amazon.com/dp/B001CD9RRG"
"","","79","Eco Highlighter Pencils - Set of 4 YELLOW - Will Not Bleed or Dry Out - Great for Left Handed Does not Smudge","Stubby Pencil Studio","$14.99","12","0","$180","02/28/2014","$9.82","71","4.2","$5.17","178767","Office Products","B00IQHQNU0","https://www.amazon.com/dp/B00IQHQNU0"
"","","80","Zebra Z-Grip Mechanical Pencil 0.7mm Point Size HB 2 Graphite Black Grip 24 Pack","Zebra Pen","$7.99","2376","79","$18984","06/26/2017","$3.02","2114","4.6","$4.97","1051","Office Products","B001BZ6ZNO","https://www.amazon.com/dp/B001BZ6ZNO"
"","","81","NatCot Rainbow Paper Pencils 2 HB Environmentally Friendly Fun Pencils 12-Pack with Animals Building Blocks Pencil Sharpener and Cap Eraser for School and Office Supplies (Multicolor Elephant)","NatCot","$8.99","12","0","$108","12/09/2021","$4.1","22","4.6","$4.89","97727","Office Products","B09ND6RGLF","https://www.amazon.com/dp/B09ND6RGLF"
"","","82","Nicpro 6 PCS Pastel Mechanical Pencil 0.5 & 0.7 mm with Case for School with 12 tubes HB Lead Refills Erasers Eraser Refills For Student Writing Drawing Sketching Blue & Pink & White Colors","Nicpro","$12.99","3797","126","$49323","09/24/2020","$8.12","1218","4.4","$4.87","979","Office Products","B08K2W55NS","https://www.amazon.com/dp/B08K2W55NS"
"","","83","36 Pieces Colorful Pencils Rainbow Pencils Happy Birthday Pencil Ink-less Pencils Eternal with Eraser for Adults and Children","Chinco","$12.99","0","0","$0","09/29/2021","$7.97","3","4.4","$5.02","284971","Office Products","B09GFF58R8","https://www.amazon.com/dp/B09GFF58R8"
"","","84","BIC Xtra Smooth Mechanical Pencils With Erasers Medium Point (0.7mm) 40-Count Pack Bulk Mechanical Pencils for School or Office Supplies","BIC","$6.24","11375","379","$70980","11/03/2020","$1.53","3276","4.8","$4.71","761","Office Products","B08MQRQTKJ","https://www.amazon.com/dp/B08MQRQTKJ"
"","","85","Ticonderoga Noir Black Wood-Cased 2 Pencils Holographic Design 12 Count","Dixon","$5.19","4268","142","$22151","08/02/2017","$1.49","4485","4.9","$3.70","962","Office Products","B002ON02CC","https://www.amazon.com/dp/B002ON02CC"
"","","86","SKKSTATIONERY 50 Pcs Pre-sharpened pencils Pencils Sharpened with eraser top 2 HB pencil 50/box","SKKSTATIONERY","$7.99","2280","76","$18217","12/20/2017","$3.72","981","4.6","$4.27","3650","Office Products","B08HYR27Q1","https://www.amazon.com/dp/B08HYR27Q1"
"","","87","TINNIVI Art Supplies for Kids and Adults 7 Color in 1 Black Wooden Rainbow Colored Pencils Pre-sharpened Multicolored Core with Sharpener for Coloring Books Drawing Sketching (16pcs)","TINNIVI","$9.99","803","26","$8022","04/15/2021","$5.57","419","4.7","$4.42","9380","Office Products","B092Q8XJ4M","https://www.amazon.com/dp/B092Q8XJ4M"
"","","88","Ticonderoga Neon Pencils 2 Pre-Sharpened Wood Pencils with Erasers 18-Count 13018","Ticonderoga","$5.49","1496","49","$8213","06/19/2019","$1.75","10946","4.8","$3.74","9274","Office Products","B07T8K1HJG","https://www.amazon.com/dp/B07T8K1HJG"
"","","89","30 Pieces Color Changing Mood Pencil 2B Changing Pencil Assorted Color Thermochromic Pencils with Eraser for Students Gift (Black and Assorted Color Base) (Black Base)","Outus","$10.99","1230","41","$13518","03/19/2020","$6.27","1011","3.6","$4.72","3837","Office Products","B0865YBHD2","https://www.amazon.com/dp/B0865YBHD2"
"","","90","DzdzCrafts Kawaii Color 0.5MM 0.7mm Mixed 16pcs Mechanical Pencils Office School Supplies (Some with Top Erasers)","DzdzCrafts","$11.99","2368","78","$28392","06/07/2020","$7.27","636","4.6","$4.72","2042","Office Products","B089XVQ97Y","https://www.amazon.com/dp/B089XVQ97Y"
"","","91","Flexible Bendable Pencils Soft Bendy Pencils Colorful Stripe Bendable Pencils Colored Bend Pencils with Eraser for School Prizes Kids Presents Teachers Classroom Supplies (24)","Zonon","$7.99","97","3","$775","06/28/2021","$3.72","91","3.7","$4.27","43663","Office Products","B0987B2QR4","https://www.amazon.com/dp/B0987B2QR4"
"","","92","Showvigor Rainbow Pencils with Pencil Sharpeners 10 Pcs Wooden Colored Pencils for Kids4 in 1 Color Pencil Set for Drawing Coloring Sketching Drawing Stationery Gifts for KidsPre-sharpened","Showvigor","$9.99","823","27","$8222","03/20/2019","$5.57","406","4.4","$4.42","16133","Office Products","B07PYTYWCC","https://www.amazon.com/dp/B07PYTYWCC"
"","","93","Highlighters Highlighters Marker Pens Pastel Highlighters Assorted Colors Bible Highlighters and Pens No Bleed Soft Chisel Tip Aesthetic Highlighters for Journaling Notes School Office Supplies","Hnncugty","$7.99","1782","59","$14238","05/24/2022","$3.87","37","4.5","$4.12","2761","Office Products","B09X5776HV","https://www.amazon.com/dp/B09X5776HV"
"","","94","Pentel ICY Razzle-Dazzle Mechanical Pencil 0.7mm Assorted Barrels Color May Vary Pack of 12 (AL27RDBP12M)","Pentel","$10.35","1273","42","$13176","02/15/2012","$5.88","1979","4.6","$4.47","3854","Office Products","B007A4MG24","https://www.amazon.com/dp/B007A4MG24"
"","","95","Raymond Geddes Incentive Number 2 Pencils For Kids (Pack of 144)","Raymond Geddes","$17.94","312","10","$5597","04/14/2008","$10.11","621","4.7","$7.83","11414","Office Products","B0017U052A","https://www.amazon.com/dp/B0017U052A"
"","","96","Nicpro 10 Pack 0.7 mm Mechanical Pencil Bulk Set with Case Cute Candy Pastel Art Drafting Pencils 0.7mm with 10 Tube HB Lead Refills Eraser for Kid School Students Artist Writing Drawing Sketching","Nicpro","$11.99","1999","66","$23968","09/16/2021","$7.27","141","4.5","$4.72","2337","Office Products","B09GKDCF5S","https://www.amazon.com/dp/B09GKDCF5S"
"","","97","BSIRI Pencil Wood Favors of Graphite Wooden Tree Rustic Twig Pencils Unique Birch of 12 Camping Lumberjack Decorations Party Supplies Novelty Gifts as a Natural Pencil Gifts for Kids in Classroom","BSIRI","$7.29","2325","77","$16949","06/11/2016","$2.43","4557","4.7","$4.86","961","Arts Crafts & Sewing","B073GPSHWQ","https://www.amazon.com/dp/B073GPSHWQ"
"","","98","FUNLAVIE Colored Pencils 24 Coloring Pencils Premium Art Drawing Pencil for Adults Coloring Book","FUNLAVIE","$9.70","1432","47","$13890","08/23/2016","$4.7","5084","4.6","$5.00","2658","Office Products","B01IX7TO2Q","https://www.amazon.com/dp/B01IX7TO2Q"
"","","99","168 Colored Pencils - 168 Count Including 12 Metallic 8 Fluorescence Vibrant Colors No Duplicates Art Drawing Colored Pencils Set for Coloring Books Sketching Painting","Wanshui","$29.99","299","9","$8967","10/17/2017","$19.7","6008","4.7","$10.29","25416","Office Products","B074Z4FPQD","https://www.amazon.com/dp/B074Z4FPQD"
"","","100","Ticonderoga Wood-Cased Pencils Unsharpened 2 HB Soft Yellow 24 Count","Ticonderoga","$3.97","43474","1449","$172592","04/26/2017","$-0.4","46700","4.8","$4.37","36","Office Products","B0000AQNPB","https://www.amazon.com/dp/B0000AQNPB"
"","","101","Environmentally Friendly Black Wooden Pencils (30 Pcs Per Barrel) Triangular Grip Pen Design Graphite HB Lead Core with Eraser Suitable for Children and Adults to Write Sketches and Paint","DMXM","$12.99","108","3","$1403","05/22/2021","$7.27","52","4.5","$5.72","152020","Office Products","B0915D87B4","https://www.amazon.com/dp/B0915D87B4"
"","","102","Eco Highlighter Office Bundle of 12 Yellow Highlighters - Includes 4 Jumbo Sharpeners","Stubby Pencil Studio","$35.00","0","0","$0","02/28/2014","$25.98","16","5","$9.02","196222","Office Products","B00OQUZIU2","https://www.amazon.com/dp/B00OQUZIU2"
"","","103","MozArt Mechanical Pencil Set - 4 Sizes: 0.3 0.5 0.7 & 0.9 mm with 30 HB Lead Refills Each & 4 Eraser Refills - Drafting Sketching Illustrations Architecture Writing & School Work (Plastic)","MozArt Supplies","$11.99","2754","91","$33020","12/12/2016","$7.27","9435","4.6","$4.72","2196","Office Products","B01MU07ID5","https://www.amazon.com/dp/B01MU07ID5"
"","","104","Madisi Golf Pencils 2 HB Half Pencils 3.5' Mini Pencils Pre-Sharpened Natural Wood Grain Color 144 Count","Madisi","$9.99","400","13","$3996","03/28/2019","$4.72","631","4.7","$5.27","20674","Office Products","B07NWB2XR8","https://www.amazon.com/dp/B07NWB2XR8"
"","","105","Paper Mate EverStrong 2 Pencils Reinforced Break-Resistant Lead When Writing 6 Packs of 24 (144 Count)","Paper Mate","$15.69","26368","878","$413714","04/01/2021","$7.55","2448","4.7","$8.14","69","Office Products","B091MFHW7B","https://www.amazon.com/dp/B091MFHW7B"
"","","106","Kids Pencils for Beginners Toddlers Preschool and Kindergarten Ages 2-4 years With Jumbo Triangle Shape Soft 6B Graphite Fat Pencils With Easy Grip and Thick Core (24 pack)","STEAMFLO","$14.99","438","14","$6566","01/19/2021","$9.82","255","4.7","$5.17","12916","Office Products","B08TM895FT","https://www.amazon.com/dp/B08TM895FT"
"","","107","ban.do Write On Colorful Pencil Set of 10 Pre-Sharpened 2 Graphite Pencils for School/Office Compliments","ban.do","$10.95","552","18","$6044","07/02/2016","$6.39","863","4.7","$4.56","7499","Office Products","B01HWVLMQA","https://www.amazon.com/dp/B01HWVLMQA"
"","","108","Rich India Gift Handmade wooden eco Friendly tree twig branch Pencil","Rich India","$6.99","0","0","$0","08/20/2020","$2.17","1","5","$4.82","742479","Office Products","B08GG56G11","https://www.amazon.com/dp/B08GG56G11"
"","","109","DSJIFGEW Inkless Pen Set  10 Inkless Magic Pencils Everlasting Pencil with Eraser Sustainable Eco-friendly Materials Reusable Magic Refills for Home Office School Writing Art Sketch Drawing Tool","DSJIFGEW","$14.95","0","0","$0","01/14/2022","$9.79","2","4.5","$5.16","732297","Office Products","B09QHWFTTR","https://www.amazon.com/dp/B09QHWFTTR"
"","","110","5pcs Gel Pens Quick Dry Ink Pens Fine Point Premium Retractable Rolling Ball Gel Pens Black Ink Smooth Writing for School Office Home","N\C","$9.99","7323","244","$73157","04/27/2021","...","797","4.4","","745","Office Products","B08Y94CB1J","https://www.amazon.com/dp/B08Y94CB1J"
"","","111","Ballpoint Pens Black Retractable Ink Writing Pen Office 0.7mm Ball Point Pen for Journaling (12-count)","AZGO","$11.59","1045","34","$12112","05/06/2022","$6.31","6","4.1","$5.28","4938","Office Products","B09ZQS9DNN","https://www.amazon.com/dp/B09ZQS9DNN"
"","","112","Buspoll Triangular HB pencils 10 natural wood grain pencils children's stationery(unpainted)","Buspoll","$9.99","43","1","$430","08/04/2020","$4.95","143","4.3","$5.04","67372","Office Products","B08F9S6JCY","https://www.amazon.com/dp/B08F9S6JCY"
"","","113","Onyx and Green Pen/Mechanical Pencil Set Bamboo Med Black 0.7 mm (1010)","Onyx and Green","$11.99","15","0","$180","04/14/2015","$6.65","18","4.4","$5.34","106504","Office Products","B00YJF0908","https://www.amazon.com/dp/B00YJF0908"
"","","114","TICONDEROGA My First Pencils Wood-Cased Soft Pre-Sharpened 12 Count (X33312)","Ticonderoga","$7.69","24439","814","$187936","09/16/2004","$3","31134","4.8","$4.69","47","Office Products","B000QE2H6A","https://www.amazon.com/dp/B000QE2H6A"
"","","115","TICONDEROGA My First Tri-Write Pencils with Eraser Primary Size Wood-Cased 2 HB Soft Yellow 36-Pack (13082) & My First Tri-Write Wood-Cased Pencils Neon Colors 12 Count (X13912)","Ticonderoga","$28.09","30","1","$843","05/06/2022","...","0","","","82131","Office Products","B09ZR5V58Q","https://www.amazon.com/dp/B09ZR5V58Q"
"","","116","Mr. Pen- Jumbo Pencils 10 Pencils and 1 Sharpener Big Pencil Fat Pencils Jumbo Pencils for Preschoolers Fat Pencils for Kindergarten Thick Pencils Big Pencils for Preschoolers Large Pencil.","Mr. Pen","$8.25","2558","85","$21104","09/16/2021","$4.09","384","4.7","$4.16","1839","Office Products","B09GKJLWND","https://www.amazon.com/dp/B09GKJLWND"
"","","117","Woodcased 2 HB Pencils Star Student Pencils Asserted Colors Pre-sharpened Pencils With Erasers For Students 100th Day Of School Supplies For Kids Exams And Classrooms Office (48 Pieces)","Gersoniel","$15.49","30","1","$465","11/28/2021","$10.1","6","4.6","$5.39","130426","Office Products","B09MQFNXJD","https://www.amazon.com/dp/B09MQFNXJD"
"","","118","Mermaid Pencils Mermaid School Supplies Mermaid Pencils and Erasers Ocean Pencils Pretty Pencils for 100th Day of School Home Office School Supplies (100 Pieces)","Outus","$15.99","","","","09/22/2021","...","7","4.5","","47523","Office Products","B09GXJQM5G","https://www.amazon.com/dp/B09GXJQM5G"
"","","119","Eco Highlighter Pencils - Set of 6 Jumbo Size Neon Colors - Will Not Bleed or Dry Out - Includes Wooden Sharpener","Stubby Pencil Studio","$19.99","138","4","$2759","10/17/2015","$14.07","333","4.7","$5.92","45062","Office Products","B014N7CKOE","https://www.amazon.com/dp/B014N7CKOE"
"","","120","24 Pack Rainbow Paper 2 HB Pencils with 48 Pack Pencil Eraser Toppers Cute Rainbow Pencils Set Colorful Eraser Caps for Pencils for Art Drawing Writing Sketching Office and School Supplies","Gersoniel","$14.99","30","1","$450","01/20/2022","$8.97","7","5","$6.02","93194","Office Products","B09QW2WX26","https://www.amazon.com/dp/B09QW2WX26"
"","","121","Kids Pencils for Beginners Toddlers Preschool and Kindergarten Ages 2-4 years With Jumbo Triangle Shape Soft 6B Graphite Fat Pencils With Easy Grip and Thick Core (12 pack)","STEAMFLO","$9.99","270","9","$2697","01/19/2021","$5.57","308","4.7","$4.42","26947","Office Products","B08TLP9MY5","https://www.amazon.com/dp/B08TLP9MY5"
"","","122","Cute Pencils 2 Fun Number 2 Pencils for Kids Cool no 2 pencils 12 Count Pack","ZELYHH","$12.89","84","2","$1083","06/12/2022","$8.04","2","4.5","$4.85","75197","Office Products","B0B15J26SK","https://www.amazon.com/dp/B0B15J26SK"
"","","123","6pcs Everlasting Pencil and 6pcs Replacement Tips Inkless Eternal Pencils with Eraser Infinite Pencil Magic Inkless Pencils Long lasting Writing Pencil for Writing Art Sketch Painting Tool","SANSN","$8.99","0","0","$0","04/13/2022","...","0","","","171950","Office Products","B09XWFTKTB","https://www.amazon.com/dp/B09XWFTKTB"
"","","124","12Pack Rainbow Pencils Set for Kids Hb Cool Novelty Pencils Safety Eco Friendly Fancy Pretty Pencils Bright Round Pencils For Home Office School Classroom Supplies.","iHMeiju","$9.99","...","...","...","07/18/2022","...","0","","","","...","B0B6YNGVHR","https://www.amazon.com/dp/B0B6YNGVHR"
"","","125","40Pcs Flexible Soft PencilBendy Bendable Pencils with EraserColorful Bend Pencil for Children Students GiftsBack to School Supplies","Fvcisshhu","$8.99","95","3","$854","10/08/2021","$4.57","213","3.9","$4.42","56760","Office Products","B09J2H7M47","https://www.amazon.com/dp/B09J2H7M47"
"","","126","Kisdo 10 Pcs Inkless Magic Pencil Everlasting Pencil Eternal with Eraser Infinity Reusable Pencil for Writing Drawing Sustainable Pencil for Home Office School","Kisdo","$14.99","418","13","$6266","11/24/2021","$9.82","162","4","$5.17","15420","Office Products","B09MHBXQXR","https://www.amazon.com/dp/B09MHBXQXR"
"","","127","SKKSTATIONERY Assorted Colorful Pencils Pencil Assortment Awards & Incentives Pencils 2 HB 144/box.","SKKSTATIONERY","$23.99","231","7","$5542","12/21/2017","$15.25","343","4.4","$8.74","23504","Office Products","B07BWK9P5P","https://www.amazon.com/dp/B07BWK9P5P"
"","","128","Cool Neon Pencils - 2 Pre-Sharpened Non-Toxic Wood Pencils for Kids and Adults with Latex Free Erasers - 24 Pack","Neliblu","$12.99","1425","47","$18511","10/12/2020","$7.97","478","4.7","$5.02","3185","Office Products","B08L4KL1SK","https://www.amazon.com/dp/B08L4KL1SK"
"","","129","Kids Pencils for Beginners Toddlers Preschool and Kindergarten Ages 2-4 years With Jumbo Triangle Shape Soft 6B Graphite Fat Pencils With Easy Grip and Thick Core (8 pack + Sharpener)","STEAMFLO","$9.99","998","33","$9970","06/24/2021","$5.57","243","4.7","$4.42","5454","Office Products","B097YYRXWK","https://www.amazon.com/dp/B097YYRXWK"
"","","130","TIP for Kids | Children's Learn to Write Pencil | The Tree Friendly Pencil (TIP for Kids)","The Infinity Pencil","$11.99","0","0","$0","03/22/2020","$7.27","17","3.8","$4.72","162238","Office Products","B08CMG7S7M","https://www.amazon.com/dp/B08CMG7S7M"
"","","131","Short Jumbo Kids Pencils for Preschoolers Kindergarten Toddlers & Beginners - 12 Fat Pencils and 1 Sharpener & Eraser Pencils 2 Triangle Grip Big Pencils (Multicolor)","Pencil Buddies","$8.99","720","24","$6473","02/19/2022","...","138","4.4","","9375","Office Products","B09KX6556F","https://www.amazon.com/dp/B09KX6556F"
"","","132","Ticonderoga Beginner Wood-Cased Pencils 2 HB Soft Yellow 12 Count (X13080)","Dixon","$3.99","1427","47","$5694","04/17/2006","$0.47","491","4.7","$3.52","3094","Office Products","B0000AQO0N","https://www.amazon.com/dp/B0000AQO0N"
"","","133","uni-ball Kuru Toga Elite Mechanical Pencil Starter Kit with Silver Barrel and 0.5mm Pencil Tip 60 Lead Refills and 5 Pencil Eraser Refills HB 2","Uni-ball","$12.74","2393","79","$30487","06/08/2020","$7.29","2611","4.7","$5.45","2426","Office Products","B089QC2C8G","https://www.amazon.com/dp/B089QC2C8G"
"","","134","Ticonderoga Wood-Cased Pencils 2 HB Soft Pre-Sharpened Neon 10 Count (X13810)","Dixon Ticonderoga","$4.19","4631","154","$19404","09/23/2014","$0.64","1281","4.8","$3.55","3184","Office Products","B00OFNI9VK","https://www.amazon.com/dp/B00OFNI9VK"
"","","135","Luxury Wooden Gift Pen with Wooden Pen Case Ballpoint Pen Set for Men and Women Fancy Writing Pen Best for Business Gifts (Double)","Brandilo","$15.99","15","0","$240","03/03/2022","...","0","","","91351","Office Products","B09TWR8996","https://www.amazon.com/dp/B09TWR8996"
"","","136","14 Pieces Everlasting Pencil Inkless with Eraser Pencil Erasable Portable Eternal Pencil Reusable Pencil for Writing Drawing Students Home Office School Supplies","Laumoi","$6.59","0","0","$0","01/17/2022","$2.68","9","3.7","$3.91","285149","Office Products","B09QM6BGK6","https://www.amazon.com/dp/B09QM6BGK6"
"","","137","WOPEX PENCIL (18241BK10P)","STAEDTLER","$10.99","0","0","$0","05/20/2015","$6.42","15","4","$4.57","501648","Office Products","B00IYVZL60","https://www.amazon.com/dp/B00IYVZL60"
"","","138","Pencil Guy Blank Round Pencils Green 144 to a box","Pencil Guy","$49.96","50","1","$2498","01/09/2018","$36.68","71","4.7","$13.28","85312","Office Products","B078XMDYVN","https://www.amazon.com/dp/B078XMDYVN"
"","","139","Rainbow Paper Pencils for Kids Pre-sharpened Pencils 2 Cute Pencils with Eraser Sharpener(7 Pack)","SINSETU","$5.99","114","3","$683","11/02/2021","$1.55","99","4.2","$4.44","16721","Office Products","B09KXRBYG4","https://www.amazon.com/dp/B09KXRBYG4"
"","","140","RevMark Recycled 2 Round Pencil Made in the USA 12 Pencils per Pack Perfect for teachers students Offices Woodworkers and more (Money)","RevMark","$15.99","","","","01/07/2021","...","3","5","","335418","Office Products","B08SJHBR8M","https://www.amazon.com/dp/B08SJHBR8M"
"","","141","Kmizera Newest Inkless Pen Eco-friendly Pencil Gift Pencil for Kids","Kmizera","$9.99","0","0","$0","12/26/2020","$5.57","53","4.1","$4.42","309155","Office Products","B08RCQ55DZ","https://www.amazon.com/dp/B08RCQ55DZ"
"","","142","Short Fat Colored Pencils for Kids - 10 Triangle Jumbo Color Pencils for Ages 2-6 Preschool Toddlers & Beginners Color Pencils for Kids - Pre Sharpened Toddler Coloring Pencils Set With Sharpener","Pencil Buddies","$7.99","860","28","$6871","02/20/2022","$3.87","102","4.6","$4.12","8912","Office Products","B09GKDZHBD","https://www.amazon.com/dp/B09GKDZHBD"
"","","143","Azafran Organic Crayons Set of 8 Block and 6 Pencil Crayons with 14 Colors Plant-derived Ingredients Eco Friendly Food Grade Colors for Toddlers Fun with Playing and Stacking - 3.91 Ounces","Azafran","$14.50","30","1","$435","03/11/2019","$8.79","106","4.1","$5.71","153294","Arts Crafts & Sewing","B07PLZCJQX","https://www.amazon.com/dp/B07PLZCJQX"
"","","144","Moon Products Bare Wood Natural Premium Pencils Number 2 HB (144 pencils)","Beacon-Ridge","$36.49","90","3","$3284","03/27/2016","$25.88","146","4.6","$10.61","80389","Office Products","B01DJHVYLY","https://www.amazon.com/dp/B01DJHVYLY"
"","","145","Macaron Colored Pencils soften wood Pastel coloring for adult and kids Pack of 12","ECOTREE","$9.99","673","22","$6723","04/28/2021","$4.95","189","4.7","$5.04","19352","Office Products","B093SMFWDS","https://www.amazon.com/dp/B093SMFWDS"
"","","146","Channies Easy-to-Hold Write Size Wooden Lead No2 Presharpened Graphite Kids Pencils for 3-6 Year Olds 2 Pack (10 Pencils)","Channie's","$13.95","1050","35","$14648","06/10/2019","$8.94","1933","4.7","$5.01","3955","Office Products","B07SZ35C4F","https://www.amazon.com/dp/B07SZ35C4F"
"","","147","Pencil Guy Promotional Personalized Imprinted Round Pencils 144 to a box. 19 color(s) to choose from!","Pencil Guy","$89.72","184","6","$16508","12/18/2017","...","273","4.8","","28877","Office Products","B078GXSVN1","https://www.amazon.com/dp/B078GXSVN1"
"","","148","Dixon Laddie Elementary Pencils 2 Lead Pack of 12","Ticonderoga","$7.69","2232","74","$17164","04/17/2006","$3.62","991","4.8","$4.07","2271","Office Products","B001B097KC","https://www.amazon.com/dp/B001B097KC"
"","","149","TICONDEROGA Pencils Wood-Cased Graphite 2 HB Soft Pre-Sharpened Assorted Color Barrels Black Lead 10-Pack (13932)","Ticonderoga","$8.81","2228","74","$19629","11/27/2008","$4.57","920","4.8","$4.24","5055","Office Products","B001MKF26Y","https://www.amazon.com/dp/B001MKF26Y"
"","","150","30 Pieces Rainbow Pencils Colorful Sharpened Pencils Rainbow Colored Pencils for Kids Multi-color Graphite Pencils Rainbow School Supplies for Student Writing and Drawing","Chinco","$12.99","42","1","$546","09/08/2021","$7.97","14","4.3","$5.02","76036","Office Products","B09FTB388C","https://www.amazon.com/dp/B09FTB388C"
"","","151","Faber-Castell Mechanical Pencil Grip Plus 1.4Mm Metallic Blue","Faber-Castell","$11.04","0","0","$0","01/12/2014","$6.46","336","4.6","$4.58","216790","Office Products","B001WAK6AQ","https://www.amazon.com/dp/B001WAK6AQ"
"","","152","Inkless Magic Pencil Everlasting Pencils with Eraser Cute Infinity Pencils for Drawing Painting Home Office School 6 Magic Pencils & 6 Replaceable Pencil Stubs","AYZTKUX","$7.99","6","0","$48","03/01/2022","$3.87","3","2.5","$4.12","124428","Office Products","B09TR8MJF7","https://www.amazon.com/dp/B09TR8MJF7"
"","","153","PILOT RexGrip BeGreen Mechanical Pencils 0.5mm HB Lead 12-Pack (51220)","PILOT","$19.80","5","0","$99","04/16/2009","$13.29","38","4.7","$6.51","119626","Office Products","B001PLMNVC","https://www.amazon.com/dp/B001PLMNVC"
"","","154","THREE LEAF 144 CT. 2 News Paper Pencils With Eraser Tip","ThreeLeaf","$20.20","30","1","$606","09/12/2021","$11.38","0","","$8.82","118105","Office Products","B09G3L3JXX","https://www.amazon.com/dp/B09G3L3JXX"
"","","155","Staedtler Pre-sharpened No. 2 Pencils","STAEDTLER","$20.41","60","2","$1225","12/25/2014","$12.21","25","4.6","$8.20","72534","Office Products","B00XWK29I6","https://www.amazon.com/dp/B00XWK29I6"
"","","156","General Pencil Company Cedar Pointe No. 2 Pencil (ANG333-2)] 12-pack","General Pencil","$8.25","89","2","$734","12/16/2009","$4.09","639","4.8","$4.16","50813","Office Products","B00314DBPI","https://www.amazon.com/dp/B00314DBPI"
"","","157","THE CREATOR The CREATOR - PLANTABLE Pens One pen reduces 6g of plastic added to the environment Eco Friendly Go Green - Save Earth Give a gift that speaks to the Heart Pack of (6) RAINBOW Theme","THE CREATOR","$11.85","18","0","$213","01/20/2022","$7.15","0","","$4.70","137516","Office Products","B09QY4655R","https://www.amazon.com/dp/B09QY4655R"
"","","158","Lucky Pine Apple Cinnamon Scented Pencils Apple Pie Pencils (24 pencil set)","Lucky Pine","$11.49","8","0","$92","11/07/2019","$6.23","21","4","$5.26","208555","Office Products","B0817D1DL7","https://www.amazon.com/dp/B0817D1DL7"
"","","159","Deli Pencils with Top Erasers and 2 Sharpeners Pack of 24 Cute HB Wood Pencils Bulk Pack Graphite Pencils Smooth Writing for Exams School Office Drawing and Sketching","Leven","$6.99","0","0","$0","07/02/2020","$2.4","6","3.5","$4.59","448226","Office Products","B08JPMWJKG","https://www.amazon.com/dp/B08JPMWJKG"
"","","160","Dixon Ticonderoga EnviroStiks Natural Wood 2 Pencils 6 Boxes of 12 (96212)","Dixon Ticonderoga","$30.54","24","0","$733","05/15/2017","$20.82","6","5","$9.72","129261","Office Products","B07234CW69","https://www.amazon.com/dp/B07234CW69"
"","","161","Custom Wood Pen Personalized Maple Bamboo Rosewood Wood Ball Point Pen - Engraved","...","$5.90","0","0","$0","01/05/2021","...","40","4.5","","9162","Handmade Products","B08SBNHPBF","https://www.amazon.com/dp/B08SBNHPBF"
"","","162","20 Pieces Inspirational Pencils Motivational Pencils with Eraser Mood Pencil with Name Cute Color Changing Pencils Personalized Pencils Heat Activated Color Wooden Pencils","Gersoniel","$7.59","48","1","$364","01/21/2022","$3.53","7","3","$4.06","58135","Office Products","B09QY93381","https://www.amazon.com/dp/B09QY93381"
"","","163","Assorted Colorful Pencils Shuttle Art 180 Pack Kids Pencils Bulk with 12 Designs 2 HB Pre-sharpened Awards and Incentive Pencils for Kids School Home Party Christmas Halloween Valentines Day","Shuttle Art","$21.99","585","19","$12864","05/21/2020","$12.9","249","4.6","$9.09","10758","Office Products","B0891XVQDV","https://www.amazon.com/dp/B0891XVQDV"
"","","164","Pencil Guy Imprinted Neon Round Pencils- 500 per box - Assorted Colors","Pencil Guy","$165.00","35","1","$5775","03/20/2018","...","25","4.9","","70114","Office Products","B08Y79FLN8","https://www.amazon.com/dp/B08Y79FLN8"
"","","165","Assorted Colorful Pencils Eraser Tops Pencils Cute School Pencil Set for Office School Children Cow and Sunflower Patterns Pencil Assortment for Kids (200 Pieces)","Zonon","$21.99","75","2","$1649","12/08/2020","$12.9","66","4.4","$9.09","86926","Office Products","B08Q84WKRR","https://www.amazon.com/dp/B08Q84WKRR"
"","","166","Cute Pencils Kids Pencils with Erasers Set of 10 Wooden Pencils 2 Pencils for School & Office Supplies Pretty Pencil Pack Includes Floral Prints & Affirmations Garden Blooms by Steel Mill & Co","STEEL MILL AND CO","$9.95","78","2","$776","06/09/2021","$5.54","27","4.9","$4.41","31113","Office Products","B0971FM89J","https://www.amazon.com/dp/B0971FM89J"
"","","167","ThEast 10 Pieces Rainbow Colored Pencils 7 Color in 1 Pencils for Kids Assorted Colors for Drawing Coloring Sketching Pencils For Drawing Stationery Bulk Pre-sharpenedSimple Box Packaging (10)","ThEast","$6.29","225","7","$1415","03/01/2022","$2.43","31","4.7","$3.86","17542","Office Products","B09TNH7RC3","https://www.amazon.com/dp/B09TNH7RC3"
"","","168","Ticonderoga Tri-Write Triangular Pencils Wood-Cased 2 HB Soft Yellow 12-Pack (13856)","Ticonderoga","$2.49","2537","84","$6317","11/21/2004","$-0.8","2462","4.7","$3.29","1405","Office Products","B000JCT7QM","https://www.amazon.com/dp/B000JCT7QM"
"","","169","Maped M854721 Jumbo Black 'Peps HB Pencils with Eraser Pencils  Pack of 12)","Maped","$7.99","12","0","$96","05/08/2018","$3.72","13","4.9","$4.27","192034","Office Products","B06ZYWDNHN","https://www.amazon.com/dp/B06ZYWDNHN"
"","","170","30 Pcs Assorted Bendable Pencils Novelty Pencils for Gifts and Students","Exasinine","$8.49","0","0","$0","12/02/2021","$3.45","3","4.2","$5.04","223059","Office Products","B09MYDP3Z6","https://www.amazon.com/dp/B09MYDP3Z6"
"","","171","Kalour Premium Colored PencilsSet of 72 ColorsArtists Soft Core with Vibrant ColorInclude 7 Metallic Color PencilsIdeal for Drawing Sketching ShadingColoring Pencils for Adults Beginners kids","KALOUR","$19.99","283","9","$5657","03/07/2022","$11.85","65","4.6","$8.14","38977","Office Products","B09V2N4PQZ","https://www.amazon.com/dp/B09V2N4PQZ"
"","","172","DiverseBee Bible Highlighters and Pens No Bleed 8 Pack Assorted Colors Gel Highlighters Set Bible Markers No Bleed Through Cute Bible Study Journaling School Supplies Bible Accessories (Earthy)","DIVERSEBEE","$9.95","12223","407","$121619","04/20/2021","$5.54","2855","4.5","$4.41","322","Office Products","B09335R779","https://www.amazon.com/dp/B09335R779"
"","","173","Ticonderoga Pencils Wood-Cased Graphite 2 HB Soft Black 24-Pack (13926)","Ticonderoga","$5.99","1560","52","$9344","07/13/2015","$1.32","330","4.8","$4.67","18315","Office Products","B011KH5EV6","https://www.amazon.com/dp/B011KH5EV6"
"","","174","Jumbo Try Rex Triangular Primary Pencil with Eraser Bare Wood Natural (72 Pencils)","Try Rex","$34.97","0","0","$0","06/24/2020","$24.58","0","","$10.39","296273","Office Products","B08D3K5XGB","https://www.amazon.com/dp/B08D3K5XGB"
"","","175","Ticonderoga Renew Recycled 2 Pencils 10/Pkg-Natural","Dixon Ticonderoga","$5.95","0","0","$0","11/23/2016","...","1","5","","245470","Office Products","B07CT5ZR9V","https://www.amazon.com/dp/B07CT5ZR9V"
"","","176","Mini Heart Pencils for Bridal Shower Games & Wedding Favors Small White Pencils With Rose Gold Foil for Party Prizes or Gifts for Guests Pre Sharpened Golf Pencils With Erasers (30 Pack) MARKT","MARKT","$9.99","71","2","$709","03/28/2022","$5.57","48","4.9","$4.42","22936","Office Products","B09P76CGXX","https://www.amazon.com/dp/B09P76CGXX"
"","","177","BIC Evolution Cased Pencil 2 Lead Gray Barrel 18-Count","Design House","$6.74","1766","58","$11903","12/20/2018","$2.81","1630","4.5","$3.93","3358","Office Products","B07M5MF9QK","https://www.amazon.com/dp/B07M5MF9QK"
"","","178","Wild & Fuzzy Velvet Pencil Packge of 60","Rousek","$33.93","10","0","$339","03/20/2012","$23.7","27","4.2","$10.23","205895","Office Products","B007SP9E02","https://www.amazon.com/dp/B007SP9E02"
"","","179","Pencil Guy Imprinted Neon Round Pencils - 1000 per box - Assorted Colors","Pencil Guy","$250.00","24","0","$6000","04/24/2018","...","18","4.7","","93813","Office Products","B08Y76RSCC","https://www.amazon.com/dp/B08Y76RSCC"
"","","180","ZEYAR Clear View Tip Highlighter Dual Tips Marker Pen See-Through Chisel Tip and Fine Tip Water Based Assorted Colors Quick DryNo bleed Great for Bible Study and Office Supplies (6 Macaron Colors)","ZEYAR","$7.49","1521","50","$11392","05/27/2022","$3.45","6","5","$4.04","3475","Office Products","B0B2L66P3H","https://www.amazon.com/dp/B0B2L66P3H"
"","","181","BAZIC Metallic Glitter Wood Pencil w/ Eraser (6/Pack)","BAZIC Products","$3.90","432","14","$1685","03/22/2009","$0.4","279","4.4","$3.50","12676","Office Products","B0019IJKJY","https://www.amazon.com/dp/B0019IJKJY"
"","","182","Neon Pencils for Kids HB Wood Pencil with Eraser Fluorescent Colorful Round Pencils Assorted Bright Pencil Sketching Writing Drawing Pencils Stationery School Student Reward Supplies (24)","Outus","$8.99","0","0","$0","05/04/2021","$4.57","3","4.2","$4.42","242121","Office Products","B0946TNQF5","https://www.amazon.com/dp/B0946TNQF5"
"","","183","Elfwoods 2 Pencils for Kids Pack of 36 Pencils with Novelty Eraser Top Smooth Writing and Anti-Fracture Pencils Bulk for Classroom ","elfwoods","$17.99","90","3","$1619","04/29/2021","$10.15","20","4.7","$7.84","38403","Office Products","B093WNDJR6","https://www.amazon.com/dp/B093WNDJR6"
"","","184","Ticonderoga Tri-Write Beginners' Pencils With Erasers 2 Soft Yellow Barrel Pack Of 36","Ticonderoga","$19.10","2754","91","$52601","06/20/2007","$11.72","4222","4.8","$7.38","2125","Office Products","B000PTQCN0","https://www.amazon.com/dp/B000PTQCN0"
"","","185","24 lpices de agarre triangular con borrador HB lpiz para nios lpices de rayas de nen surtidos brillante lpiz bocetos escritura lpices de dibujo escolar estudiante suministros de recompensa","Outus","$8.49","42","1","$357","05/04/2021","$4.15","26","4","$4.34","74049","Office Products","B0946TVLMD","https://www.amazon.com/dp/B0946TVLMD"
"","","186","Natraj 621 Writing Pencils (Pack Of 10 X 10 Pencils)","Natraj","$22.54","0","0","$0","04/19/2018","$14.02","1","5","$8.52","273037","Office Products","B01N0PCE5X","https://www.amazon.com/dp/B01N0PCE5X"
"","","187","U Brand Bold & Bright Colored Hybrid Ink Eco Friendly Ballpoint Pens Set of 6","ubrand","$4.99","53","1","$264","11/04/2020","...","9","3.8","","80036","Office Products","B08MVHFSXC","https://www.amazon.com/dp/B08MVHFSXC"
"","","188","THE CREATOR The CREATOR - PLANTABLE Pens One pen reduces 6g of plastic added to the environment Go Green - Save Earth Give a gift that speaks to the Heart Pack of (6) WILDLIFE Theme Brown","THE CREATOR","$11.85","29","0","$344","01/20/2022","$6.53","4","5","$5.32","170896","Office Products","B09QXJJT1H","https://www.amazon.com/dp/B09QXJJT1H"
"","","189","Faber-Castell 12 Count Jumbo Grip Graphite Pencils","Faber-Castell","$24.77","264","8","$6539","09/18/2007","$18.13","75","4.7","$6.64","23443","Office Products","B006LMBQQS","https://www.amazon.com/dp/B006LMBQQS"
"","","190","Gigantic Personalized Pencil Assortment - 288 Pc. - Stationery - 288 Pieces","Fun Express","$83.59","36","1","$3009","10/11/2011","...","9","4.8","","71384","Office Products","B005V0HSJU","https://www.amazon.com/dp/B005V0HSJU"
"","","191","24 Pieces Everlasting Pencil Replaceable refill Infinite Pencil Replaceable Graphite Nib Metal Inkless Writing Pens Nib Inkless Pencils Eternal Replacement Head Pencils Head for Writing","Gersoniel","$12.99","145","4","$1884","10/22/2021","$8.12","57","4.4","$4.87","22289","Office Products","B09K5DT82C","https://www.amazon.com/dp/B09K5DT82C"
"","","192","Kikkerland Woodland Pencils Set of 4 (4347)","Kikkerland","$7.40","110","3","$814","09/13/2015","$3.37","1135","4.6","$4.03","37269","Office Products","B014RQCDUC","https://www.amazon.com/dp/B014RQCDUC"
"","","193","40 Pcs Motivational Pencils Color Changing Mood Pencil Inspirational Pencil Cute Pencil Personalized Pencil with Saying Heat Activated Pencil For Student","Gersoniel","$14.99","612","20","$9174","12/21/2021","$9.67","76","4","$5.32","7308","Office Products","B09P1DV288","https://www.amazon.com/dp/B09P1DV288"
"","","194","Coloured Pencils Set Rock Ninja 50 Art Grade Colouring Pencils with Premium Black Roll-Up Canvas Case for Artists Children & Adults according to DIN EN71 eco-friendly PEFC wood with Sharpener","RockNinja","$23.99","0","0","$0","09/08/2018","$15.87","1182","4.6","$8.12","323637","Office Products","B078SXZL7R","https://www.amazon.com/dp/B078SXZL7R"
"","","195","ablossom Frog Pencil Wooden Hand Carved Animal Cute Amphibians Creative Stationery Rustic Wood Pencils School and Office Supplies Unique Handmade Fun Pencil Gift for Kids Set of 2 Pieces","ablossom","$20.39","","","","02/16/2022","...","0","","","450172","Office Products","B09SPQF84W","https://www.amazon.com/dp/B09SPQF84W"
"","","196","MANISHO HB Pencils Pack of 12 Wood-Cased Graphite Pencils in Bulk Sharpened with colorful crystals Office & School Supplies for Exams and Classrooms","MANISHO","$13.99","20","0","$280","01/07/2019","$8.35","25","4.2","$5.64","128943","Office Products","B07MSH35JM","https://www.amazon.com/dp/B07MSH35JM"
"","","197","ArtCreativity $100 Bill Pencils Set of 24 Cool Writing Pencils with Erasers Birthday Party Favors Party Goody Bag Fillers Teacher Supplies for Classroom","ArtCreativity","$11.97","54","1","$646","06/22/2021","$6.63","22","4.8","$5.34","60229","Office Products","B097S6944D","https://www.amazon.com/dp/B097S6944D"
"","","198","40 Pcs Colorful 7.28 Inch Length Random Cartoon Eraser Pencils Cute Pencils for Office School Supplies Students Children Gift (40)","Yansanido","$14.99","399","13","$5981","12/20/2016","$7.6","196","4.4","$7.39","16047","Office Products","B0721WQBY5","https://www.amazon.com/dp/B0721WQBY5"
"","","199","G.T. Luscombe Company Inc. Yellow Bible Dry Highlighters | No Bleed Eco-Friendly Refillable Dry Highlighters | No Sharpening | No Smearing or Fading | Vibrant Color | 12 Pack of Yellow","G.T. Luscombe Company Inc","$34.99","21","0","$735","07/12/2010","$26.82","61","4.4","$8.17","95635","Office Products","B003VO8R2U","https://www.amazon.com/dp/B003VO8R2U"
"","","200","Mega Moon Bare Wood Natural Triangular 2 HB Pencil Set (20 pencil set)","Moon","$14.49","0","0","$0","07/30/2020","$8.55","4","5","$5.94","328517","Office Products","B08F2QCPZL","https://www.amazon.com/dp/B08F2QCPZL"
"","","201","Pre-sharpened Raw Natural Wood Pencils 72 PCs in Box : TiT","Trade inter Thailand","$18.00","12","0","$216","02/25/2018","$10.16","32","4.5","$7.84","154285","Office Products","B07B2Z42SS","https://www.amazon.com/dp/B07B2Z42SS"
"","","202","Onyx and Green 7-Pack Mechanical Pencils with 3 Leads Recycled Plastic 0.7 mm Assorted Colors (1401)","Onyx and Green","$7.68","0","0","$0","04/14/2015","$3.61","2","5","$4.07","499265","Office Products","B00YJF0CHS","https://www.amazon.com/dp/B00YJF0CHS"
"","","203","","...","","...","...","...","...","...","0","","","","...","B0B3JPD65M","https://www.amazon.com/dp/B0B3JPD65M"
"","","204","ArtCreativity 72 PC Pencil Assortment for Kids Fun Assorted Number 2 Pencils Bulk Wooden Writing Pencils with Durable Erasers Teacher Supplies for Classroom Student Reward Stationery Party Favors","ArtCreativity","$21.97","295","9","$6481","06/26/2019","$13.53","273","4.7","$8.44","18460","Office Products","B07TNSWZQP","https://www.amazon.com/dp/B07TNSWZQP"
"","","205","BIC Xtra-Fun Stripes Graphite Pencil 2 HB 18-Count","BIC","$6.99","760","25","$5312","06/21/2016","$3.02","953","4.7","$3.97","5585","Office Products","B01HF3LY04","https://www.amazon.com/dp/B01HF3LY04"
"","","206","JOLLY X-Big Jumbo-Sized 2B Graphite Pencils with Storage Tub; Tub of 35 Perfect for Special Needs Art Therapy Pre-School and Early Learners","JOLLY","$49.95","0","0","$0","10/25/2019","$37.32","5","4.7","$12.63","365075","Office Products","B00NO7HTSC","https://www.amazon.com/dp/B00NO7HTSC"
"","","207","Etmact 24 Pack Kids Wooden PencilsColorful Stripe Pencil with Cute Animals Eraser for Children And School Supplies Pencil Pencils For Kids Pencil Erasers Pencil With Eraser Cute Pencil","Etmact","$8.99","240","8","$2158","12/18/2018","$3.87","227","4.2","$5.12","20692","Office Products","B07M8RNFC3","https://www.amazon.com/dp/B07M8RNFC3"
"","","208","Jones School Supply - Math Pencil (1 Gross of 144) - Colorful No.2 Pencils","Jones School Supply Co. Inc","$35.99","30","1","$1080","04/22/2014","...","13","4.6","","83045","Office Products","B00JVT94LW","https://www.amazon.com/dp/B00JVT94LW"
"","","209","48 Pack Colorful Kids Pencils Rewards Bendable Pencils Flexible Soft Student Pencils with Fine Flash Gifrs for Kids Classroom Prizes Student Homework Award School Supplies","Lonmkc","$12.99","0","0","$0","09/14/2021","$6.52","4","3.4","$6.47","230289","Office Products","B09G9389QM","https://www.amazon.com/dp/B09G9389QM"
"","","210","24 Pieces Cartoon Striped Pencils with Animal Eraser Colored Children's Wooden Pencil Funny Animal Pencils Set and 4 Pieces Cute Pencil Sharpeners for Kids Party Decors Office School Supplies","Zonon","$12.99","26","0","$338","06/20/2021","$7.27","28","4.5","$5.72","98795","Office Products","B097N2J9G8","https://www.amazon.com/dp/B097N2J9G8"
"","","211","12 Pieces of Neon Pencil HB Pencil Peach Heart Black Wood Pencil with Rubber Drawing Writing Pencil for Children and Students","Outus","$5.49","0","0","$0","04/26/2021","$1.75","14","4.3","$3.74","249559","Office Products","B093LJBTF3","https://www.amazon.com/dp/B093LJBTF3"
"","","212","Catcan 3 Pieces Solid Carpenter Pencil Woodworking Pencils Mechanical with 18 Refills in 3 Colors and Built-in Sharpener Construction Pencils for Carpentry Architect Drawing Marker","Catcan","$14.99","6","0","$90","11/15/2021","$8.97","21","3.7","$6.02","272902","Office Products","B09LYB1H1Z","https://www.amazon.com/dp/B09LYB1H1Z"
"","","213","Gel Ink Pen Extra fine point pens Ballpoint pen 0.35mm Black For japanese Office School Stationery Supply 12 Packs","BEMLP","$10.88","2560","85","$27853","06/20/2019","$5.71","6510","4.7","$5.17","1853","Office Products","B07TBHWJ8Z","https://www.amazon.com/dp/B07TBHWJ8Z"
"","","214","Color Changing Mood Pencil with Eraser Wooden Pencils Heat Activated Color Changing Pencils Thermochromic Assorted Colors (60 Pieces)","Outus","$17.99","167","5","$3004","01/10/2020","$10.77","563","3.9","$7.22","20615","Office Products","B083R97Q1M","https://www.amazon.com/dp/B083R97Q1M"
"","","215","Fun Colorful Galaxy Pencils (48 Pack) 7.5'. 2 Lead. Deep Space Cosmos Universe Stars Design. Great for Kids Students","Zugar Land","$15.99","20","0","$320","11/04/2020","...","21","4.7","","91850","Office Products","B08MV8FQT8","https://www.amazon.com/dp/B08MV8FQT8"
"","","216","Onyx and Green Recycled Newspaper Pencils with White Erasers HB 2 10 Pack (1202)","Onyx and Green","$10.99","30","1","$330","03/15/2016","$6.42","4","5","$4.57","87732","Office Products","B01D4FGXVM","https://www.amazon.com/dp/B01D4FGXVM"
"","","217","Handmade wooden tree bark eco Friendly Pencil","Rich India","$6.99","0","0","$0","08/18/2020","$2.17","0","","$4.82","720203","Office Products","B08G8SK4M6","https://www.amazon.com/dp/B08G8SK4M6"
"","","218","ALTHSITW 12 Pcs Cool Eternal Ink-free Pencil Pencil Sharpening Free Unlimited Pencil With Eraser Replaceable Pen Head Not Easy To BreakFor Writing And Painting Home School And Office.","ALTHSITW","$6.99","30","1","$210","12/25/2021","...","4","3.6","","89514","Office Products","B09NP4G55W","https://www.amazon.com/dp/B09NP4G55W"
"","","219","Color Changing Pencils First Day of School Mood Pencil with Eraser Glitter Wooden Pencils Heat Activated Color Changing Pencils for Kids Thermochromic Metallic Pencils Assorted Colors (30 Pieces)","Zonon","$13.99","789","26","$11038","12/13/2020","$8.82","348","3.8","$5.17","6255","Office Products","B08QJCF8CQ","https://www.amazon.com/dp/B08QJCF8CQ"
"","","220","Color Changing Mood Pencil Heat Activated Color Changing Pencil Pre-Sharpened Thermochromic Wood Pencil Metallic Glitter Assorted Colored Pencil for Student Drawing (16)","Marspark","$3.91","10","0","$39","06/25/2021","...","10","4","","141017","Office Products","B097ZRGW8Z","https://www.amazon.com/dp/B097ZRGW8Z"
"","","221","Pencil Guy Imprinted Neon Round Pencils 144 to a box (Assorted Colors)","Pencil Guy","$89.72","48","1","$4307","12/17/2017","...","56","4.6","","106672","Office Products","B08Y7LDK5R","https://www.amazon.com/dp/B08Y7LDK5R"
"","","222","50 Pieces Wheat Straw Pens Black Ink Click Pens Retractable Ballpoint Pens for Journaling Writing Office School Supplies Pens","Zonon","$9.99","0","0","$0","08/14/2021","$4.72","3","5","$5.27","253575","Office Products","B09CNNVH9S","https://www.amazon.com/dp/B09CNNVH9S"
"","","223","Staedtler 13247C12a6th Pencils No. 2 Hb Pre-Sharpened 12/Dz Yellow","STAEDTLER","$14.01","0","0","$0","12/10/2017","...","1","5","","250378","Office Products","B07979M632","https://www.amazon.com/dp/B07979M632"
"","","224","GIFTEXPRESS 48 Pcs Paw Print Pencils for Kids Colorful Assortment Wooden Pencil with Eraser for School Supplies Classroom Prize","GiftExpress","$10.49","90","3","$944","06/07/2020","$5.85","20","4.7","$4.64","101695","Office Products","B089TYPD3Q","https://www.amazon.com/dp/B089TYPD3Q"
"","","225","24 Pieces Short Fat Penclis 3.5inch Mini Beginner Pencils For Writing And Drawing 6 Colors Pencils With Pen Container And Sharpener For Ages 2-6 Preschoolers Toddlers & Beginners Kids","N\\A","$9.59","0","0","$0","05/13/2022","$4.61","0","","$4.98","263339","Office Products","B0B1BB2ZDJ","https://www.amazon.com/dp/B0B1BB2ZDJ"
"","","226","ZEYAR Highlighter Pastel Colors Chisel Tip Marker Pen Assorted Colors Water Based Quick Dry (6 Macaron Colors)","ZEYAR","$6.99","19862","662","$138835","07/26/2019","$2.4","17242","4.8","$4.59","86","Office Products","B07VLSGXX7","https://www.amazon.com/dp/B07VLSGXX7"
"","","227","Paper Mate Clearpoint Break-Resistant Mechanical Pencils HB 2 Lead (0.7mm) Assorted Barrel Colors 4 Count","Paper Mate","$10.88","1245","41","$13546","07/22/2021","$6.33","183","4.7","$4.55","16722","Office Products","B09B46JPMR","https://www.amazon.com/dp/B09B46JPMR"
"","","228","Cool Bulk Neon Pencils - 2 Pre-Sharpened Non-Toxic Wood Pencils for Kids and Adults with Latex Free Erasers - 48 Pack - Incredible Value","Neliblu","$12.97","1097","36","$14228","10/12/2020","$6.5","342","4.6","$6.47","10556","Office Products","B08L4KLRDR","https://www.amazon.com/dp/B08L4KLRDR"
"","","229","Dixon Ticonderoga Wood-Cased 2 Pencils Case of 72 Black","Dixon Ticonderoga","$29.28","14","0","$410","08/16/2016","$19.75","137","4.8","$9.53","33088","Office Products","B01KKTMUQW","https://www.amazon.com/dp/B01KKTMUQW"
"","","230","Colored Pencil 72 Color Professional Oil Base Pencils Set Colorful Art Drawing Pencils for Beginners Pro ArtistsWooden Colored Pencils","HEEPDD","","0","0","","01/13/2020","...","0","","","250793","Office Products","B083NV8T7G","https://www.amazon.com/dp/B083NV8T7G"
"","","231","America's Finest Pre-Sharpened 2 Pencils Made in USA Responsibly Sourced Wood Cased HB Graphite Core Natural Wood Look 12 Pack","It's Academic","$8.35","206","6","$1720","09/01/2020","$4.18","165","4.7","$4.17","19093","Office Products","B08H78R78V","https://www.amazon.com/dp/B08H78R78V"
"","","232","2 Pieces Solid Carpenter Pencils with 18 Refill Construction Pencils Built-in Sharpener Carpentry Architect Marking Tools Woodpeckers Tools for Drawing Making Scribering (2PCS Black)","JETRISHARK","$10.99","12","0","$132","03/22/2022","$6.42","6","3.5","$4.57","159286","Office Products","B09W9JPMH5","https://www.amazon.com/dp/B09W9JPMH5"
"","","233","Kirin Black Pal Rainbow Mixed Color Lead Pencil Dry Highlighter Bible Book Dictionary Kn-06 [5pcs]","KIRIN","$7.10","15","0","$107","03/06/2015","$3.12","153","4.7","$3.98","98723","Office Products","B00UCYUO8W","https://www.amazon.com/dp/B00UCYUO8W"
"","","234","80 Pieces Scented Pencils HB Pencils Graphite Pencil Cylinder Wood Pencils with Fruit Elements for School Stationery Party Reward Supplies 10 Styles (Cute Style)","Outus","$17.99","38","1","$684","08/26/2021","$10.15","35","3.7","$7.84","123787","Office Products","B09BHRKWWG","https://www.amazon.com/dp/B09BHRKWWG"
"","","235","Mays Seed Pencils Recycled Made Newspaper Eco - Friendly Paper for Kids School Writing Sketching Drawing (Pack of 40)","Mays","","...","...","...","05/18/2022","...","0","","","","...","B0B1PVJDQ3","https://www.amazon.com/dp/B0B1PVJDQ3"
"","","236","Rainbow Colored Pencils 10 Pcs Rainbow Pencils with Sharpener 4-in-1 Colored Pencils for Adults and Kids Assorted Colors for Art Drawing Coloring and Sketching for Drawing Stationery as Gift","Milukon","$7.99","30","1","$240","12/19/2021","$3.87","35","4.4","$4.12","107307","Office Products","B09NVTM9LQ","https://www.amazon.com/dp/B09NVTM9LQ"
"","","237","Professional ProcessedNo Ink Eternal Pencil Unlimited Writing Inkless Pen Long-Lasting Art Sketch Painting Tool Office Stationery Durable Eco-Friendly","U-K","$1.40","...","...","...","05/18/2022","...","0","","","","...","B0B1PRZRDK","https://www.amazon.com/dp/B0B1PRZRDK"
"","","238","Abgream Pack of 30 Color Changing Gel Ink Pens - Creative Daisy and Morning Glory Shaped Black 0.38mm Neutral Pens for School Home Office Stationery (Tulip)","Abgream","$9.99","94","3","$939","03/23/2021","$5.42","109","4.2","$4.57","45084","Office Products","B091DNSLDH","https://www.amazon.com/dp/B091DNSLDH"
"","","239","U Brands U-eco Pastel Speckle Gel Click Pens 12 Count (3142U01-24)","U Brands","$11.17","561","18","$6266","10/01/2020","$5.95","791","4.6","$5.22","12677","Office Products","B08LNZW6JW","https://www.amazon.com/dp/B08LNZW6JW"
"","","240","Yoobi No. 2 Pencils Pre-sharpened in Bright Colors Pink Purple Blue and Yellow Pencils Fun School Supplies For Kids Teens and Adults 24 Pack 2 Pencils","Yoobi","$15.99","1220","40","$19508","07/25/2017","$10.67","162","4.8","$5.32","31828","Office Products","B07484S99M","https://www.amazon.com/dp/B07484S99M"
"","","241","Habitude Paper Co. Inspirational Pencils Set of 92 Cedar Wood Foil Engraved Pencils Set with Motivational Quotes - for Teens Adults Students Planners - Empowering Pencils Blue Red Yellow 2 Pencil","Habitude Paper Co","$8.98","0","0","$0","08/29/2021","$4.71","0","","$4.27","449960","Office Products","B09DXTL92H","https://www.amazon.com/dp/B09DXTL92H"
"","","242","Triangular Fat Pencil - 12 Pack Thick Strong Jumbo Wood Pencils for Writing and Drawing HB with Eraser and Sharpener","Fengirl","$9.99","0","0","$0","05/31/2022","$5.57","0","","$4.42","307047","Office Products","B0B2VBD3BN","https://www.amazon.com/dp/B0B2VBD3BN"
"","","243","OBON Endangered Series Pencils 2B Pencils Made from Newspaper for Writing Drawing and Sketching Environmentally Friendly (5 Twin Pack 2 Pencils per Twin Pack  Total 10 Pencils)","The Nature Academy","$11.90","0","0","$0","04/13/2018","$6.35","27","4.8","$5.55","325321","Office Products","B07CCHRLHZ","https://www.amazon.com/dp/B07CCHRLHZ"
"","","244","4PCS Milk Bottle Style Correction Tape (Random Color)","Kasmena","$9.99","1809","60","$18072","03/18/2017","$5.57","1578","4.4","$4.42","2190","Office Products","B06XQXPB6S","https://www.amazon.com/dp/B06XQXPB6S"
"","","245","Staedtler Noris colour 185 C24JB Buntstifte (erhöhte Spitzen-Bruchfestigkeit sechskant Set mit 24 brillanten Farben Wopex Material PEFC-Holz DIN EN71)","STAEDTLER","$12.68","23","0","$292","07/28/2016","$7.71","44949","4.6","$4.97","145521","Office Products","B016DFAQK4","https://www.amazon.com/dp/B016DFAQK4"
"","","246","Paper Mate : Mirado Woodcase Pencil HB 2 Yellow Barrel Dozen -:- Sold as 2 Packs of - 12 - / - Total of 24 Each","Paper Mate","$9.21","380","12","$3500","12/03/2009","$4.29","158","4.7","$4.92","36372","Office Products","B003051BVY","https://www.amazon.com/dp/B003051BVY"
"","","247","Metallic Glitter Pencil for Kids HB Pencils Wood Sharpened Pencil with Eraser Colorful Laser Foil Round Pencils Writing Drawing Pencils School Student Reward (12 Pieces)","Tenare","$6.99","","","","04/29/2021","...","24","4.5","","77604","Office Products","B093V4J6FX","https://www.amazon.com/dp/B093V4J6FX"
"","","248","NUTTA - ASSORT COLORED Branch & Twig Pencil 12-PCs Natural Wooden Pencils Wood Tree Rustic Twig Pencils Fun Pencil for Children and Family and Gift (3.5' Inches)","NUTTA","$5.89","146","4","$860","10/28/2021","$1.47","51","4.2","$4.42","31905","Arts Crafts & Sewing","B09KMS38XB","https://www.amazon.com/dp/B09KMS38XB"
"","","249","Faber-Castell Graphite Aquarelle Water-Soluble Single Pencil 8B","Faber-Castell","$7.04","0","0","$0","04/19/2012","$3.06","186","4.7","$3.98","157419","Office Products","B007UT2SHC","https://www.amazon.com/dp/B007UT2SHC"
"","","250","The Green Chapter - Plantable Seed Blue Ball Pens 5 Pencil 5 Ecofriendly Stationery Gift for Men Women Staff (Pack of 1)","THE GREEN CHAPTER","","...","...","...","01/11/2021","...","8","4.1","","","...","B08QJKQ7VB","https://www.amazon.com/dp/B08QJKQ7VB"
"","","251","OOLY Natural Beeswax Crayons Set of 24 (133-50)","Ooly","$12.95","27","0","$350","10/17/2011","$6.49","355","4.8","$6.46","10632","Arts Crafts & Sewing","B005YWG5VM","https://www.amazon.com/dp/B005YWG5VM"
"","","252","Emraw Colorful Round No 2 HB Metallic Laser Foil Wood Cased Pencils with Eraser Top - Pack of 16 Unsharpened Sparkling Bright Pencils","Emraw","$7.29","5","0","$36","08/06/2018","$3.28","62","4.7","$4.01","236685","Office Products","B07G8HPKZP","https://www.amazon.com/dp/B07G8HPKZP"
"","","253","Utensil Carrier eco-friendly reusable silverware pouch cutlery bag pencil case carry washable (chevron black)","Generic","$20.00","...","...","...","06/28/2022","...","0","","","","...","B0B5FF6CVM","https://www.amazon.com/dp/B0B5FF6CVM"
"","","254","Buspoll Children's colored short wood pencils 12 colors in tubes; soft core pre-ground natural wood pencils (unpainted)","Buspoll","$7.99","15","0","$120","03/14/2020","$3.87","26","4","$4.12","147807","Office Products","B085XJ5QWF","https://www.amazon.com/dp/B085XJ5QWF"
"","","255","Wrapables Unicorn Flamingo Gel Ink Pens 0.5mm Fine Point (Set of 10) for School Office Stationery Flamingo Black Ink","allydrew","$12.99","0","0","$0","09/25/2018","$8.12","9","3.6","$4.87","164399","Office Products","B07HPG6533","https://www.amazon.com/dp/B07HPG6533"
"","","256","Bamboo Wooden Retractable Ballpoint Pen Black Ink 1 mm Sustainable Pens Laser Engraved Journaling Pen Eco Friendly Recycled Products Set Pens for Gifts Writing Office School Supplies (24 Pieces)","Outus","$12.99","320","10","$4157","09/05/2021","$7.97","102","4.6","$5.02","22270","Office Products","B09FKV14F3","https://www.amazon.com/dp/B09FKV14F3"
"","","257","interjunzhan 5 Pcs Flexible Soft Pencils Colorful Magic Bendy Non-Toxic Eco-friendly Pen with Eraser Kids Study Gift","interjunzhan","$10.23","...","...","...","05/02/2020","...","0","","","","...","B087ZYWTT4","https://www.amazon.com/dp/B087ZYWTT4"
"","","258","Wholesale CASE of 25 - Zebra Eco-friendly Mechanical Pencil-Mechanical Pencil Lead/Eraser Refillable 0.5mm Black","ZEB","$101.99","...","...","...","03/19/2013","...","0","","","","...","B00EK3KT40","https://www.amazon.com/dp/B00EK3KT40"
"","","259","STAEDTLER Pencil WOPEX HB 18 Pack 100% PEFC (182 41CB18 NA)","STAEDTLER","$7.89","35","1","$276","03/06/2014","$3.79","441","4.6","$4.10","71135","Office Products","B00IUT6PES","https://www.amazon.com/dp/B00IUT6PES"
"","","260","Greenica Dreams  Newspaper Pencils| Eco Friendly| drawing| Writing| gifting| reduce waste ((Pack of 100)","Greenica Dreams","$46.00","...","...","...","08/04/2022","...","0","","","","...","B0B8T91L7L","https://www.amazon.com/dp/B0B8T91L7L"
"","","261","Mr. Pen- No Bleed Gel Highlighter Bible Highlighters Yellow Pack of 8 Gel Highlighters","Mr. Pen","$6.99","1735","57","$12128","09/03/2019","$2.4","3284","4.8","$4.59","3941","Office Products","B07XD6D6MD","https://www.amazon.com/dp/B07XD6D6MD"
"","","262","STAEDTLER Noris Colouring Pencils with a Eco Pencil and Mars Plastic Eraser","STAEDTLER","$6.98","20","0","$140","03/07/2018","$2.39","147","4.7","$4.59","134904","Office Products","B00XL7775U","https://www.amazon.com/dp/B00XL7775U"
"","","263","2Pcs Colorful 6 in 1 Highlighter Marker Gel Pen Stationery DIY Album Photo Decor Eco-Friendly and Practical Nice Design","U-K","$1.58","0","0","$0","05/18/2022","$-2.26","0","","$3.84","498789","Office Products","B0B1Q21NRH","https://www.amazon.com/dp/B0B1Q21NRH"
"","","264","50 PCS WHITE SLATE PENCILS CUT FROM NATURAL STONE","EARTH-NATURAL","$11.99","90","3","$1079","11/25/2019","$6.42","110","3.7","$5.57","64049","Office Products","B08227LBY1","https://www.amazon.com/dp/B08227LBY1"
"","","265","Kids Pencils for Toddlers Beginners Preschool and Kindergarten Ages 2-6 Years With Jumbo Triangular Shape Thick 2 Graphite Fat Pencils With Easy Grip and Big Core (8 Pack + Sharpener Multicolor)","Pencil Buddies","$8.99","876","29","$7875","09/16/2021","$4.72","1108","4.6","$4.27","7907","Office Products","B09GJZP3SS","https://www.amazon.com/dp/B09GJZP3SS"
"","","266","50 Pcs White Slate Pencils Cut From Natural Stone- A Quality Product from Green Inspirations","GREEN INSPIRATIONS","$11.97","150","5","$1796","07/30/2018","$6.4","192","3.9","$5.57","38002","Office Products","B07G2HK45K","https://www.amazon.com/dp/B07G2HK45K"
"","","267","EXPO Low Odor Dry Erase Markers Chisel Tip Assorted Colors 16 Pack","EXPO","$13.58","77849","2594","$1057189","01/12/2006","$7.77","57505","4.8","$5.81","7","Office Products","B000J09OLM","https://www.amazon.com/dp/B000J09OLM"
"","","268","Easter Pencil Collection ~ 2 Dozen Pencils on Blue and Purple (Bundle 2)","Bunny Pencils Crayons","$10.95","0","0","$0","03/07/2017","$6.39","5","5","$4.56","372294","Office Products","B06XGH5SNK","https://www.amazon.com/dp/B06XGH5SNK"
"","","269","Fat Belly Fish - Natural Wood Unvarnished Craft Pencils - HB - Pack of 36","Fat Belly Fish","$13.64","9","0","$123","07/10/2018","$8.67","10","4.7","$4.97","249537","Office Products","B07FF6MK7H","https://www.amazon.com/dp/B07FF6MK7H"
"","","270","Inkless Magic Pencil Everlasting Pencils with Ballpoint Pen Cute Infinity Pencils for DrawingWriting Sustainable Pencil for Home Office School","Generic","$5.99","","","","05/10/2022","...","0","","","382533","Office Products","B0B12DPR2R","https://www.amazon.com/dp/B0B12DPR2R"
"","","271","12PC Rainbow Paper Pencils & 3PC Long Point Pencil Sharpeners Cute Paper Pencils for Kids Portable Fun Pencil Set for Classroom School Supplies","HYOWUIER","$5.99","0","0","$0","11/23/2021","...","0","","","380301","Office Products","B09MHPJMND","https://www.amazon.com/dp/B09MHPJMND"
"","","272","Sharpie Tank Highlighters Assorted Fluorescent Colors | Chisel Tip Highlighter Pens 12 Count","SHARPIE","$5.97","30616","1020","$182778","09/08/2009","$1.3","11630","4.8","$4.67","39","Office Products","B002BA5WLE","https://www.amazon.com/dp/B002BA5WLE"
"","","273","Staedtler Textsurfer Dry Highlighter Pencil 128 64 Drawing for Writing Sketching InkjetPaperCopyfax(Pack of 4) (Color Mix-4 Pencils) by Staedtler","STAEDTLER","$10.68","126","4","$1346","03/09/2015","$6.16","590","4.6","$4.52","43346","Office Products","B00UHJJH0I","https://www.amazon.com/dp/B00UHJJH0I"
"","","274","Mendi Broom Pencils - 12-Piece Handmade Wand Pencils - Halloween Broomstick Pencils for Party Decor - Graphite Pencil Set Made in Europe - Cute Witch Broom Pencils for Party Favors Crafts School","Mendi","$23.99","8","0","$192","11/16/2016","$16.85","106","4.6","$7.14","140416","Office Products","B01N64KJW1","https://www.amazon.com/dp/B01N64KJW1"
"","","275","Abgream Pack of 30 Cactus Shaped Ballpoint Pens 0.5mm Black Gel Ink Writing Pen for School Home Office Supplies (Style A)","Abgream","$9.99","102","3","$1019","03/30/2022","$4.72","5","3.1","$5.27","46454","Office Products","B09WXPR4JN","https://www.amazon.com/dp/B09WXPR4JN"
"","","276","Conscience Concepts (Pack of 20) Cork & Recycled Wheat Straw Retractable Ballpoint Pens with Natural Comfortable Grip (Black Ink)","Conscience Concepts","$17.00","35","1","$595","05/26/2020","$10.91","93","4.6","$6.09","51660","Office Products","B0898THP5Z","https://www.amazon.com/dp/B0898THP5Z"
"","","277","ZEYAR Cute Highlighters With Duals Tips Cream Colors Chisel Tip and Bullet tip Aesthetic Highlighter Marker No Bleed Dry Fast Easy to Hold for Journal Bible Study Notes School Office Supplies (Youth)","ZEYAR","$6.39","3785","126","$24186","04/09/2022","$2.51","39","4.6","$3.88","1050","Office Products","B09XL888TZ","https://www.amazon.com/dp/B09XL888TZ"
"","","278","Apollo Peel-off Dermatograph/Chinagraph Color Pencil 12 Pieces in Assorted Color for Wood Glass Garments Metal Fabrics Porcelain Film Paper","Apollo","$9.99","33","1","$330","07/26/2016","$4.72","184","4.1","$5.27","109793","Office Products","B01J71W9YM","https://www.amazon.com/dp/B01J71W9YM"
"","","279","Ticonderoga Noir Pencils Wood-Cased 2 HB Soft Pre-Sharpened with Eraser Holographic Barrel 6 x 12-Packs 72 Pencils Total (13970)","Ticonderoga","$36.09","36","1","$1299","06/05/2007","$25.54","132","4.5","$10.55","124924","Office Products","B001DL8P6Q","https://www.amazon.com/dp/B001DL8P6Q"
"","","280","Deli HB Pencils with 2 Sharpeners Corrects Handwriting Posture Pack of 24 Wood Pencils with Most Comfortable Grip Graphite Pencils Smooth Writing for Exams School Office Drawing and Sketching","Leven","$4.99","42","1","$210","07/02/2020","$0.7","26","4.4","$4.29","57730","Office Products","B08JPF84BQ","https://www.amazon.com/dp/B08JPF84BQ"
"","","281","Onyx and Green Colored Pencils Sharpened Made from Recycled Paper (8001) 12 Piece","Onyx and Green","$9.04","0","0","$0","07/26/2016","$4.76","5","5","$4.28","371434","Office Products","B01L8C3B86","https://www.amazon.com/dp/B01L8C3B86"
"","","282","Mikey Store 5pc Pencils SetBlack And White Wood Set Rainbow Pencils School Office Stationery Back to School gift. (Black)","Mikey Store Back-to-School","$6.80","0","0","$0","07/17/2018","$2.24","41","4.3","$4.56","296520","Office Products","B07FP6TPGC","https://www.amazon.com/dp/B07FP6TPGC"
"","","283","Colored Pencils 12 Pack for Kids Cute Heart Pastel Color Pencils for Coloring Fun Colored Pencils 12 Count Assorted Set for Children","ZELYHH","$8.99","24","0","$216","06/12/2022","$4.72","2","4","$4.27","96524","Office Products","B0B17F2QV9","https://www.amazon.com/dp/B0B17F2QV9"
"","","284","Pencil Guy Promotional Personalized Imprinted Round Pencils.-1000 per box","Pencil Guy","$250.00","54","1","$13500","04/24/2018","...","43","4.8","","56743","Office Products","B07CNJFY27","https://www.amazon.com/dp/B07CNJFY27"
"","","285","30 Pieces Scented Pencils Welcome Back to School Pencils Graphite Pencil Cylinder Wood Pencils with Fruit Elements School Stationery Party Reward Supplies for Students 7.5 Inch (Classic Style)","Zonon","$9.99","99","3","$989","09/29/2021","$5.42","110","3.8","$4.57","40161","Office Products","B09HJ6XC4Q","https://www.amazon.com/dp/B09HJ6XC4Q"
"","","286","12 Count Rainbow Paper Pencils Eco-friendly Wooden Rainbow HB Pencils for School Office Pre-sharpened Colorful Graphite Rainbow Paper Pencil Set for Teachers Students Writing Drawing Sketching","Clzemo","$6.99","...","...","...","06/07/2022","...","0","","","","...","B0B3HK2JWG","https://www.amazon.com/dp/B0B3HK2JWG"
"","","287","Haider Eco-Friendly Newspaper Pencils","Haider","$27.30","...","...","...","05/29/2022","...","0","","","","...","B0B2PD1S2B","https://www.amazon.com/dp/B0B2PD1S2B"
"","","288","2Pcs Magnetic Dry Erase Marker Holder Anglecai Strong Magnetic Marker Holder with 6 Colorful Magnet Nails Magnet Pen Holder Pen for Office Supplies (Yellow/Blue)","Anglecai","$8.99","120","4","$1079","03/17/2022","$3.87","1","5","$5.12","42912","Office Products","B09VXGK26M","https://www.amazon.com/dp/B09VXGK26M"
"","","289","BIC Xtra-Fun Custom Graphite Pencil 2 HB Lead Black Durable & Break-Resistant Great For The Classroom 6-Count","BIC","$3.38","33","1","$112","01/09/2018","$-0.05","62","4.3","$3.43","53473","Office Products","B0793M7J5W","https://www.amazon.com/dp/B0793M7J5W"
"","","290","Pencils Pack of 12 Eco-Friendly Wood and Plastic Free Rainbow Recycled Paper 2 Pencils in Bulk Exam Office Supplies School Office Drawing & Sketching","Generic","$10.70","...","...","...","07/17/2022","...","0","","","","...","B0B6VN4Q45","https://www.amazon.com/dp/B0B6VN4Q45"
"","","291","Staedtler Mars Lumograph Writing Drawing Sketching Pencil (Box of 12) (6B)","STAEDTLER","$12.99","363","12","$4715","07/06/2015","$7.97","106","4.8","$5.02","14905","Office Products","B01145Q6O8","https://www.amazon.com/dp/B01145Q6O8"
"","","292","Mood Pencil (Heat Activated Color Changing Pencils) (Thermochromic) (Assorted Pack (Charcoal to Pastel Blue Pink Yellow Green Orange))(Box of 72)(No Eraser)","Alpen Glow Products","$31.99","0","0","$0","09/23/2018","$22.67","6","3.6","$9.32","479351","Office Products","B07HMFPGBT","https://www.amazon.com/dp/B07HMFPGBT"
"","","293","Grey990 HB Wooden Pencils 10Pcs Drawing Writing Pencils Students Art Painting Supplies","Grey990","$2.08","0","0","$0","03/31/2019","...","0","","","263951","Office Products","B07Q8XCXSM","https://www.amazon.com/dp/B07Q8XCXSM"
"","","294","BESTING Gel Pens 12 Pack Multi Colors for Girls Colored Pen for Glitter Note Books Drawing Pen Doodling Sketch No leaking Kids Girls Students Teens School Office Premium Birthday Gifts (DP036)","BESTING","$10.50","0","0","$0","06/07/2020","...","41","4.4","","265918","Office Products","B089SZD2TP","https://www.amazon.com/dp/B089SZD2TP"
"","","295","300 Count Pencils With Eraser Tops Colorful Pencils Assorted Designs Perfect For Teachers Children Classrooms and Party Gifts Supplies (300)","Kolewo4ever","$32.99","146","4","$4817","12/06/2019","$21.61","214","4.1","$11.38","40804","Office Products","B084TNYTNJ","https://www.amazon.com/dp/B084TNYTNJ"
"","","296","Faber-Castell 0.5 mm 2B Lead Refills Strong Dark Smooth Leads Mechanical Pencil Lead Refills (4 Tubes 24 Leads Per Tube - Total 96 leads)","Faber-Castell","$8.30","268","8","$2224","12/09/2017","$4.14","580","4.7","$4.17","25115","Office Products","B078DTZ13R","https://www.amazon.com/dp/B078DTZ13R"
"","","297","180pcs Colored Pencils Bulk Color Pencils Set With Log Penholders & Eco-Friendly Water-Based Paint for Adultand Children Picture Books for Adults and Kids","Dauerhaft","$63.69","0","0","$0","11/29/2020","$47.71","2","2.6","$15.98","629807","Office Products","B08PBRFR28","https://www.amazon.com/dp/B08PBRFR28"
"","","298","Highlighter Pen with Soft Chisel Tip 6 Pack Assorted Colors Cute Pastel Bible Highlighters and Pens No Bleed Quick Dry for Office School Supplies","IKASEFU","$4.99","15","0","$75","08/01/2022","...","0","","","116965","Office Products","B0B6HDGZXM","https://www.amazon.com/dp/B0B6HDGZXM"
"","","299","White Out Correction TapeMorandi Correction Tape Protect Your EyesWhite Out Tape Very Suitable For StudentsOffice Workers0.2 X 236Inches(12 Pack)","Generic","$14.99","227","7","$3403","05/07/2022","$8.97","2","5","$6.02","15652","Office Products","B0B3QPGHHS","https://www.amazon.com/dp/B0B3QPGHHS"
"","","300","Jot Pencils - 12 Count - Wood Lead Pencils - No. 2 Lead","JOT","$5.99","0","0","$0","07/03/2016","$2.17","6","4.2","$3.82","418647","Office Products","B01HYGR56E","https://www.amazon.com/dp/B01HYGR56E"
"","","301","Ticonderoga X13910 Striped Wood-Cased Pencils 2 HB Soft Pre-Sharpened 10 Count Assorted Colors","Ticonderoga","$3.99","894","29","$3567","04/07/2016","$0.47","2016","4.8","$3.52","23077","Office Products","B01DZY1V64","https://www.amazon.com/dp/B01DZY1V64"
"","","302","Staedtler Textsurfer Dry Highlighter Pencil 128 64 Drawing for Writing Sketching Inkjetpapercopyfax (Pack of 12 Yellow)","STAEDTLER","$21.45","10","0","$215","12/24/2014","$14.69","60","4.7","$6.76","213763","Office Products","B00RFJV95E","https://www.amazon.com/dp/B00RFJV95E"